State code,State name,Month,Year,Number of fires
BR-AC,Acre,1,2006,4
BR-AC,Acre,2,2006,0
BR-AC,Acre,3,2006,0
BR-AC,Acre,4,2006,0
BR-AC,Acre,5,2006,8
BR-AC,Acre,6,2006,1
BR-AC,Acre,7,2006,33
BR-AC,Acre,8,2006,839
BR-AC,Acre,9,2006,237
BR-AC,Acre,10,2006,316
BR-AC,Acre,11,2006,18
BR-AC,Acre,12,2006,0
BR-AL,Alagoas,1,2006,29
BR-AL,Alagoas,2,2006,14
BR-AL,Alagoas,3,2006,37
BR-AL,Alagoas,4,2006,2
BR-AL,Alagoas,5,2006,0
BR-AL,Alagoas,6,2006,0
BR-AL,Alagoas,7,2006,0
BR-AL,Alagoas,8,2006,1
BR-AL,Alagoas,9,2006,4
BR-AL,Alagoas,10,2006,32
BR-AL,Alagoas,11,2006,12
BR-AL,Alagoas,12,2006,30
BR-AP,Amapa,1,2006,6
BR-AP,Amapa,2,2006,2
BR-AP,Amapa,3,2006,0
BR-AP,Amapa,4,2006,0
BR-AP,Amapa,5,2006,0
BR-AP,Amapa,6,2006,0
BR-AP,Amapa,7,2006,0
BR-AP,Amapa,8,2006,11
BR-AP,Amapa,9,2006,112
BR-AP,Amapa,10,2006,405
BR-AP,Amapa,11,2006,207
BR-AP,Amapa,12,2006,74
BR-AM,Amazonas,1,2006,20
BR-AM,Amazonas,2,2006,10
BR-AM,Amazonas,3,2006,20
BR-AM,Amazonas,4,2006,5
BR-AM,Amazonas,5,2006,4
BR-AM,Amazonas,6,2006,9
BR-AM,Amazonas,7,2006,123
BR-AM,Amazonas,8,2006,1422
BR-AM,Amazonas,9,2006,2218
BR-AM,Amazonas,10,2006,721
BR-AM,Amazonas,11,2006,59
BR-AM,Amazonas,12,2006,23
BR-BA,Bahia,1,2006,225
BR-BA,Bahia,2,2006,277
BR-BA,Bahia,3,2006,199
BR-BA,Bahia,4,2006,60
BR-BA,Bahia,5,2006,43
BR-BA,Bahia,6,2006,68
BR-BA,Bahia,7,2006,229
BR-BA,Bahia,8,2006,995
BR-BA,Bahia,9,2006,3006
BR-BA,Bahia,10,2006,2079
BR-BA,Bahia,11,2006,239
BR-BA,Bahia,12,2006,169
BR-CE,Ceara,1,2006,211
BR-CE,Ceara,2,2006,23
BR-CE,Ceara,3,2006,3
BR-CE,Ceara,4,2006,1
BR-CE,Ceara,5,2006,0
BR-CE,Ceara,6,2006,0
BR-CE,Ceara,7,2006,1
BR-CE,Ceara,8,2006,50
BR-CE,Ceara,9,2006,237
BR-CE,Ceara,10,2006,581
BR-CE,Ceara,11,2006,1012
BR-CE,Ceara,12,2006,1161
BR-DF,Distrito Federal,1,2006,0
BR-DF,Distrito Federal,2,2006,0
BR-DF,Distrito Federal,3,2006,0
BR-DF,Distrito Federal,4,2006,0
BR-DF,Distrito Federal,5,2006,3
BR-DF,Distrito Federal,6,2006,2
BR-DF,Distrito Federal,7,2006,10
BR-DF,Distrito Federal,8,2006,40
BR-DF,Distrito Federal,9,2006,20
BR-DF,Distrito Federal,10,2006,1
BR-DF,Distrito Federal,11,2006,0
BR-DF,Distrito Federal,12,2006,0
BR-ES,Espirito Santo,1,2006,13
BR-ES,Espirito Santo,2,2006,45
BR-ES,Espirito Santo,3,2006,14
BR-ES,Espirito Santo,4,2006,1
BR-ES,Espirito Santo,5,2006,0
BR-ES,Espirito Santo,6,2006,5
BR-ES,Espirito Santo,7,2006,11
BR-ES,Espirito Santo,8,2006,29
BR-ES,Espirito Santo,9,2006,87
BR-ES,Espirito Santo,10,2006,10
BR-ES,Espirito Santo,11,2006,0
BR-ES,Espirito Santo,12,2006,0
BR-GO,Goias,1,2006,85
BR-GO,Goias,2,2006,21
BR-GO,Goias,3,2006,29
BR-GO,Goias,4,2006,22
BR-GO,Goias,5,2006,33
BR-GO,Goias,6,2006,70
BR-GO,Goias,7,2006,169
BR-GO,Goias,8,2006,588
BR-GO,Goias,9,2006,1463
BR-GO,Goias,10,2006,178
BR-GO,Goias,11,2006,91
BR-GO,Goias,12,2006,7
BR-MA,Maranhao,1,2006,221
BR-MA,Maranhao,2,2006,22
BR-MA,Maranhao,3,2006,14
BR-MA,Maranhao,4,2006,9
BR-MA,Maranhao,5,2006,5
BR-MA,Maranhao,6,2006,131
BR-MA,Maranhao,7,2006,512
BR-MA,Maranhao,8,2006,1382
BR-MA,Maranhao,9,2006,2907
BR-MA,Maranhao,10,2006,3024
BR-MA,Maranhao,11,2006,2004
BR-MA,Maranhao,12,2006,1052
BR-MT,Mato Grosso,1,2006,947
BR-MT,Mato Grosso,2,2006,383
BR-MT,Mato Grosso,3,2006,448
BR-MT,Mato Grosso,4,2006,161
BR-MT,Mato Grosso,5,2006,269
BR-MT,Mato Grosso,6,2006,856
BR-MT,Mato Grosso,7,2006,1941
BR-MT,Mato Grosso,8,2006,6218
BR-MT,Mato Grosso,9,2006,12661
BR-MT,Mato Grosso,10,2006,2327
BR-MT,Mato Grosso,11,2006,1031
BR-MT,Mato Grosso,12,2006,23
BR-MS,Mato Grosso do Sul,1,2006,59
BR-MS,Mato Grosso do Sul,2,2006,104
BR-MS,Mato Grosso do Sul,3,2006,137
BR-MS,Mato Grosso do Sul,4,2006,51
BR-MS,Mato Grosso do Sul,5,2006,99
BR-MS,Mato Grosso do Sul,6,2006,89
BR-MS,Mato Grosso do Sul,7,2006,289
BR-MS,Mato Grosso do Sul,8,2006,1129
BR-MS,Mato Grosso do Sul,9,2006,1078
BR-MS,Mato Grosso do Sul,10,2006,244
BR-MS,Mato Grosso do Sul,11,2006,83
BR-MS,Mato Grosso do Sul,12,2006,18
BR-MG,Minas Gerais,1,2006,109
BR-MG,Minas Gerais,2,2006,96
BR-MG,Minas Gerais,3,2006,69
BR-MG,Minas Gerais,4,2006,50
BR-MG,Minas Gerais,5,2006,62
BR-MG,Minas Gerais,6,2006,73
BR-MG,Minas Gerais,7,2006,336
BR-MG,Minas Gerais,8,2006,959
BR-MG,Minas Gerais,9,2006,278
BR-MG,Minas Gerais,10,2006,616
BR-MG,Minas Gerais,11,2006,59
BR-MG,Minas Gerais,12,2006,32
BR-PA,Para,1,2006,403
BR-PA,Para,2,2006,49
BR-PA,Para,3,2006,10
BR-PA,Para,4,2006,2
BR-PA,Para,5,2006,0
BR-PA,Para,6,2006,78
BR-PA,Para,7,2006,615
BR-PA,Para,8,2006,7575
BR-PA,Para,9,2006,8372
BR-PA,Para,10,2006,5964
BR-PA,Para,11,2006,2883
BR-PA,Para,12,2006,1417
BR-PB,Paraiba,1,2006,83
BR-PB,Paraiba,2,2006,7
BR-PB,Paraiba,3,2006,4
BR-PB,Paraiba,4,2006,0
BR-PB,Paraiba,5,2006,0
BR-PB,Paraiba,6,2006,0
BR-PB,Paraiba,7,2006,1
BR-PB,Paraiba,8,2006,3
BR-PB,Paraiba,9,2006,27
BR-PB,Paraiba,10,2006,135
BR-PB,Paraiba,11,2006,215
BR-PB,Paraiba,12,2006,196
BR-PR,Parana,1,2006,78
BR-PR,Parana,2,2006,60
BR-PR,Parana,3,2006,56
BR-PR,Parana,4,2006,49
BR-PR,Parana,5,2006,90
BR-PR,Parana,6,2006,62
BR-PR,Parana,7,2006,139
BR-PR,Parana,8,2006,844
BR-PR,Parana,9,2006,866
BR-PR,Parana,10,2006,327
BR-PR,Parana,11,2006,60
BR-PR,Parana,12,2006,6
BR-PE,Pernambuco,1,2006,148
BR-PE,Pernambuco,2,2006,41
BR-PE,Pernambuco,3,2006,18
BR-PE,Pernambuco,4,2006,2
BR-PE,Pernambuco,5,2006,1
BR-PE,Pernambuco,6,2006,0
BR-PE,Pernambuco,7,2006,1
BR-PE,Pernambuco,8,2006,8
BR-PE,Pernambuco,9,2006,147
BR-PE,Pernambuco,10,2006,310
BR-PE,Pernambuco,11,2006,385
BR-PE,Pernambuco,12,2006,207
BR-PI,Piaui,1,2006,133
BR-PI,Piaui,2,2006,23
BR-PI,Piaui,3,2006,18
BR-PI,Piaui,4,2006,1
BR-PI,Piaui,5,2006,0
BR-PI,Piaui,6,2006,40
BR-PI,Piaui,7,2006,150
BR-PI,Piaui,8,2006,911
BR-PI,Piaui,9,2006,1618
BR-PI,Piaui,10,2006,1443
BR-PI,Piaui,11,2006,740
BR-PI,Piaui,12,2006,339
BR-RJ,Rio de Janeiro,1,2006,12
BR-RJ,Rio de Janeiro,2,2006,7
BR-RJ,Rio de Janeiro,3,2006,8
BR-RJ,Rio de Janeiro,4,2006,8
BR-RJ,Rio de Janeiro,5,2006,4
BR-RJ,Rio de Janeiro,6,2006,19
BR-RJ,Rio de Janeiro,7,2006,54
BR-RJ,Rio de Janeiro,8,2006,79
BR-RJ,Rio de Janeiro,9,2006,197
BR-RJ,Rio de Janeiro,10,2006,12
BR-RJ,Rio de Janeiro,11,2006,1
BR-RJ,Rio de Janeiro,12,2006,0
BR-RN,Rio Grande do Norte,1,2006,93
BR-RN,Rio Grande do Norte,2,2006,21
BR-RN,Rio Grande do Norte,3,2006,8
BR-RN,Rio Grande do Norte,4,2006,2
BR-RN,Rio Grande do Norte,5,2006,0
BR-RN,Rio Grande do Norte,6,2006,0
BR-RN,Rio Grande do Norte,7,2006,0
BR-RN,Rio Grande do Norte,8,2006,13
BR-RN,Rio Grande do Norte,9,2006,50
BR-RN,Rio Grande do Norte,10,2006,85
BR-RN,Rio Grande do Norte,11,2006,148
BR-RN,Rio Grande do Norte,12,2006,101
BR-RS,Rio Grande do Sul,1,2006,46
BR-RS,Rio Grande do Sul,2,2006,34
BR-RS,Rio Grande do Sul,3,2006,76
BR-RS,Rio Grande do Sul,4,2006,59
BR-RS,Rio Grande do Sul,5,2006,24
BR-RS,Rio Grande do Sul,6,2006,7
BR-RS,Rio Grande do Sul,7,2006,45
BR-RS,Rio Grande do Sul,8,2006,642
BR-RS,Rio Grande do Sul,9,2006,444
BR-RS,Rio Grande do Sul,10,2006,160
BR-RS,Rio Grande do Sul,11,2006,27
BR-RS,Rio Grande do Sul,12,2006,15
BR-RO,Rondonia,1,2006,16
BR-RO,Rondonia,2,2006,17
BR-RO,Rondonia,3,2006,15
BR-RO,Rondonia,4,2006,0
BR-RO,Rondonia,5,2006,7
BR-RO,Rondonia,6,2006,40
BR-RO,Rondonia,7,2006,314
BR-RO,Rondonia,8,2006,3124
BR-RO,Rondonia,9,2006,992
BR-RO,Rondonia,10,2006,1148
BR-RO,Rondonia,11,2006,253
BR-RO,Rondonia,12,2006,4
BR-RR,Roraima,1,2006,70
BR-RR,Roraima,2,2006,283
BR-RR,Roraima,3,2006,385
BR-RR,Roraima,4,2006,201
BR-RR,Roraima,5,2006,0
BR-RR,Roraima,6,2006,0
BR-RR,Roraima,7,2006,0
BR-RR,Roraima,8,2006,4
BR-RR,Roraima,9,2006,40
BR-RR,Roraima,10,2006,135
BR-RR,Roraima,11,2006,26
BR-RR,Roraima,12,2006,101
BR-SC,Santa Catarina,1,2006,41
BR-SC,Santa Catarina,2,2006,18
BR-SC,Santa Catarina,3,2006,48
BR-SC,Santa Catarina,4,2006,30
BR-SC,Santa Catarina,5,2006,33
BR-SC,Santa Catarina,6,2006,32
BR-SC,Santa Catarina,7,2006,74
BR-SC,Santa Catarina,8,2006,728
BR-SC,Santa Catarina,9,2006,530
BR-SC,Santa Catarina,10,2006,269
BR-SC,Santa Catarina,11,2006,45
BR-SC,Santa Catarina,12,2006,7
BR-SP,Sao Paulo,1,2006,76
BR-SP,Sao Paulo,2,2006,59
BR-SP,Sao Paulo,3,2006,106
BR-SP,Sao Paulo,4,2006,63
BR-SP,Sao Paulo,5,2006,88
BR-SP,Sao Paulo,6,2006,97
BR-SP,Sao Paulo,7,2006,245
BR-SP,Sao Paulo,8,2006,572
BR-SP,Sao Paulo,9,2006,694
BR-SP,Sao Paulo,10,2006,153
BR-SP,Sao Paulo,11,2006,43
BR-SP,Sao Paulo,12,2006,13
BR-SE,Sergipe,1,2006,36
BR-SE,Sergipe,2,2006,36
BR-SE,Sergipe,3,2006,41
BR-SE,Sergipe,4,2006,9
BR-SE,Sergipe,5,2006,0
BR-SE,Sergipe,6,2006,0
BR-SE,Sergipe,7,2006,0
BR-SE,Sergipe,8,2006,0
BR-SE,Sergipe,9,2006,0
BR-SE,Sergipe,10,2006,3
BR-SE,Sergipe,11,2006,5
BR-SE,Sergipe,12,2006,17
BR-TO,Tocantins,1,2006,91
BR-TO,Tocantins,2,2006,14
BR-TO,Tocantins,3,2006,11
BR-TO,Tocantins,4,2006,4
BR-TO,Tocantins,5,2006,35
BR-TO,Tocantins,6,2006,289
BR-TO,Tocantins,7,2006,430
BR-TO,Tocantins,8,2006,1277
BR-TO,Tocantins,9,2006,2979
BR-TO,Tocantins,10,2006,1176
BR-TO,Tocantins,11,2006,108
BR-TO,Tocantins,12,2006,15
BR-AC,Acre,1,2007,0
BR-AC,Acre,2,2007,5
BR-AC,Acre,3,2007,2
BR-AC,Acre,4,2007,0
BR-AC,Acre,5,2007,1
BR-AC,Acre,6,2007,4
BR-AC,Acre,7,2007,29
BR-AC,Acre,8,2007,960
BR-AC,Acre,9,2007,208
BR-AC,Acre,10,2007,203
BR-AC,Acre,11,2007,7
BR-AC,Acre,12,2007,0
BR-AL,Alagoas,1,2007,33
BR-AL,Alagoas,2,2007,28
BR-AL,Alagoas,3,2007,7
BR-AL,Alagoas,4,2007,1
BR-AL,Alagoas,5,2007,0
BR-AL,Alagoas,6,2007,0
BR-AL,Alagoas,7,2007,0
BR-AL,Alagoas,8,2007,3
BR-AL,Alagoas,9,2007,2
BR-AL,Alagoas,10,2007,6
BR-AL,Alagoas,11,2007,15
BR-AL,Alagoas,12,2007,33
BR-AP,Amapa,1,2007,0
BR-AP,Amapa,2,2007,0
BR-AP,Amapa,3,2007,0
BR-AP,Amapa,4,2007,0
BR-AP,Amapa,5,2007,0
BR-AP,Amapa,6,2007,0
BR-AP,Amapa,7,2007,0
BR-AP,Amapa,8,2007,5
BR-AP,Amapa,9,2007,61
BR-AP,Amapa,10,2007,162
BR-AP,Amapa,11,2007,198
BR-AP,Amapa,12,2007,14
BR-AM,Amazonas,1,2007,37
BR-AM,Amazonas,2,2007,92
BR-AM,Amazonas,3,2007,6
BR-AM,Amazonas,4,2007,0
BR-AM,Amazonas,5,2007,0
BR-AM,Amazonas,6,2007,23
BR-AM,Amazonas,7,2007,116
BR-AM,Amazonas,8,2007,2241
BR-AM,Amazonas,9,2007,136
BR-AM,Amazonas,10,2007,215
BR-AM,Amazonas,11,2007,90
BR-AM,Amazonas,12,2007,7
BR-BA,Bahia,1,2007,373
BR-BA,Bahia,2,2007,113
BR-BA,Bahia,3,2007,141
BR-BA,Bahia,4,2007,64
BR-BA,Bahia,5,2007,161
BR-BA,Bahia,6,2007,270
BR-BA,Bahia,7,2007,811
BR-BA,Bahia,8,2007,3734
BR-BA,Bahia,9,2007,7438
BR-BA,Bahia,10,2007,4981
BR-BA,Bahia,11,2007,2126
BR-BA,Bahia,12,2007,259
BR-CE,Ceara,1,2007,304
BR-CE,Ceara,2,2007,3
BR-CE,Ceara,3,2007,2
BR-CE,Ceara,4,2007,1
BR-CE,Ceara,5,2007,0
BR-CE,Ceara,6,2007,1
BR-CE,Ceara,7,2007,11
BR-CE,Ceara,8,2007,182
BR-CE,Ceara,9,2007,241
BR-CE,Ceara,10,2007,964
BR-CE,Ceara,11,2007,1443
BR-CE,Ceara,12,2007,1177
BR-DF,Distrito Federal,1,2007,0
BR-DF,Distrito Federal,2,2007,0
BR-DF,Distrito Federal,3,2007,1
BR-DF,Distrito Federal,4,2007,0
BR-DF,Distrito Federal,5,2007,4
BR-DF,Distrito Federal,6,2007,21
BR-DF,Distrito Federal,7,2007,25
BR-DF,Distrito Federal,8,2007,137
BR-DF,Distrito Federal,9,2007,73
BR-DF,Distrito Federal,10,2007,13
BR-DF,Distrito Federal,11,2007,0
BR-DF,Distrito Federal,12,2007,0
BR-ES,Espirito Santo,1,2007,0
BR-ES,Espirito Santo,2,2007,3
BR-ES,Espirito Santo,3,2007,9
BR-ES,Espirito Santo,4,2007,2
BR-ES,Espirito Santo,5,2007,1
BR-ES,Espirito Santo,6,2007,4
BR-ES,Espirito Santo,7,2007,13
BR-ES,Espirito Santo,8,2007,82
BR-ES,Espirito Santo,9,2007,63
BR-ES,Espirito Santo,10,2007,79
BR-ES,Espirito Santo,11,2007,112
BR-ES,Espirito Santo,12,2007,14
BR-GO,Goias,1,2007,28
BR-GO,Goias,2,2007,13
BR-GO,Goias,3,2007,49
BR-GO,Goias,4,2007,17
BR-GO,Goias,5,2007,94
BR-GO,Goias,6,2007,186
BR-GO,Goias,7,2007,399
BR-GO,Goias,8,2007,2382
BR-GO,Goias,9,2007,3745
BR-GO,Goias,10,2007,1195
BR-GO,Goias,11,2007,79
BR-GO,Goias,12,2007,16
BR-MA,Maranhao,1,2007,428
BR-MA,Maranhao,2,2007,13
BR-MA,Maranhao,3,2007,52
BR-MA,Maranhao,4,2007,5
BR-MA,Maranhao,5,2007,73
BR-MA,Maranhao,6,2007,515
BR-MA,Maranhao,7,2007,1205
BR-MA,Maranhao,8,2007,8409
BR-MA,Maranhao,9,2007,8524
BR-MA,Maranhao,10,2007,4772
BR-MA,Maranhao,11,2007,2297
BR-MA,Maranhao,12,2007,800
BR-MT,Mato Grosso,1,2007,476
BR-MT,Mato Grosso,2,2007,213
BR-MT,Mato Grosso,3,2007,476
BR-MT,Mato Grosso,4,2007,79
BR-MT,Mato Grosso,5,2007,359
BR-MT,Mato Grosso,6,2007,1339
BR-MT,Mato Grosso,7,2007,179
BR-MT,Mato Grosso,8,2007,14453
BR-MT,Mato Grosso,9,2007,25963
BR-MT,Mato Grosso,10,2007,489
BR-MT,Mato Grosso,11,2007,299
BR-MT,Mato Grosso,12,2007,81
BR-MS,Mato Grosso do Sul,1,2007,19
BR-MS,Mato Grosso do Sul,2,2007,111
BR-MS,Mato Grosso do Sul,3,2007,137
BR-MS,Mato Grosso do Sul,4,2007,46
BR-MS,Mato Grosso do Sul,5,2007,62
BR-MS,Mato Grosso do Sul,6,2007,141
BR-MS,Mato Grosso do Sul,7,2007,197
BR-MS,Mato Grosso do Sul,8,2007,1823
BR-MS,Mato Grosso do Sul,9,2007,4446
BR-MS,Mato Grosso do Sul,10,2007,668
BR-MS,Mato Grosso do Sul,11,2007,82
BR-MS,Mato Grosso do Sul,12,2007,15
BR-MG,Minas Gerais,1,2007,91
BR-MG,Minas Gerais,2,2007,71
BR-MG,Minas Gerais,3,2007,155
BR-MG,Minas Gerais,4,2007,35
BR-MG,Minas Gerais,5,2007,124
BR-MG,Minas Gerais,6,2007,184
BR-MG,Minas Gerais,7,2007,446
BR-MG,Minas Gerais,8,2007,2975
BR-MG,Minas Gerais,9,2007,5088
BR-MG,Minas Gerais,10,2007,3467
BR-MG,Minas Gerais,11,2007,1305
BR-MG,Minas Gerais,12,2007,95
BR-PA,Para,1,2007,467
BR-PA,Para,2,2007,23
BR-PA,Para,3,2007,6
BR-PA,Para,4,2007,0
BR-PA,Para,5,2007,9
BR-PA,Para,6,2007,129
BR-PA,Para,7,2007,476
BR-PA,Para,8,2007,14352
BR-PA,Para,9,2007,1459
BR-PA,Para,10,2007,2504
BR-PA,Para,11,2007,289
BR-PA,Para,12,2007,689
BR-PB,Paraiba,1,2007,69
BR-PB,Paraiba,2,2007,7
BR-PB,Paraiba,3,2007,1
BR-PB,Paraiba,4,2007,0
BR-PB,Paraiba,5,2007,0
BR-PB,Paraiba,6,2007,0
BR-PB,Paraiba,7,2007,1
BR-PB,Paraiba,8,2007,8
BR-PB,Paraiba,9,2007,22
BR-PB,Paraiba,10,2007,111
BR-PB,Paraiba,11,2007,256
BR-PB,Paraiba,12,2007,133
BR-PR,Parana,1,2007,11
BR-PR,Parana,2,2007,32
BR-PR,Parana,3,2007,54
BR-PR,Parana,4,2007,14
BR-PR,Parana,5,2007,14
BR-PR,Parana,6,2007,57
BR-PR,Parana,7,2007,60
BR-PR,Parana,8,2007,580
BR-PR,Parana,9,2007,960
BR-PR,Parana,10,2007,194
BR-PR,Parana,11,2007,59
BR-PR,Parana,12,2007,22
BR-PE,Pernambuco,1,2007,156
BR-PE,Pernambuco,2,2007,21
BR-PE,Pernambuco,3,2007,4
BR-PE,Pernambuco,4,2007,1
BR-PE,Pernambuco,5,2007,0
BR-PE,Pernambuco,6,2007,1
BR-PE,Pernambuco,7,2007,3
BR-PE,Pernambuco,8,2007,20
BR-PE,Pernambuco,9,2007,164
BR-PE,Pernambuco,10,2007,702
BR-PE,Pernambuco,11,2007,359
BR-PE,Pernambuco,12,2007,200
BR-PI,Piaui,1,2007,123
BR-PI,Piaui,2,2007,11
BR-PI,Piaui,3,2007,31
BR-PI,Piaui,4,2007,9
BR-PI,Piaui,5,2007,52
BR-PI,Piaui,6,2007,303
BR-PI,Piaui,7,2007,919
BR-PI,Piaui,8,2007,3551
BR-PI,Piaui,9,2007,4078
BR-PI,Piaui,10,2007,2331
BR-PI,Piaui,11,2007,939
BR-PI,Piaui,12,2007,317
BR-RJ,Rio de Janeiro,1,2007,0
BR-RJ,Rio de Janeiro,2,2007,15
BR-RJ,Rio de Janeiro,3,2007,27
BR-RJ,Rio de Janeiro,4,2007,9
BR-RJ,Rio de Janeiro,5,2007,2
BR-RJ,Rio de Janeiro,6,2007,3
BR-RJ,Rio de Janeiro,7,2007,15
BR-RJ,Rio de Janeiro,8,2007,189
BR-RJ,Rio de Janeiro,9,2007,223
BR-RJ,Rio de Janeiro,10,2007,137
BR-RJ,Rio de Janeiro,11,2007,1
BR-RJ,Rio de Janeiro,12,2007,0
BR-RN,Rio Grande do Norte,1,2007,63
BR-RN,Rio Grande do Norte,2,2007,9
BR-RN,Rio Grande do Norte,3,2007,7
BR-RN,Rio Grande do Norte,4,2007,1
BR-RN,Rio Grande do Norte,5,2007,2
BR-RN,Rio Grande do Norte,6,2007,0
BR-RN,Rio Grande do Norte,7,2007,7
BR-RN,Rio Grande do Norte,8,2007,26
BR-RN,Rio Grande do Norte,9,2007,50
BR-RN,Rio Grande do Norte,10,2007,88
BR-RN,Rio Grande do Norte,11,2007,130
BR-RN,Rio Grande do Norte,12,2007,80
BR-RS,Rio Grande do Sul,1,2007,37
BR-RS,Rio Grande do Sul,2,2007,24
BR-RS,Rio Grande do Sul,3,2007,8
BR-RS,Rio Grande do Sul,4,2007,4
BR-RS,Rio Grande do Sul,5,2007,3
BR-RS,Rio Grande do Sul,6,2007,10
BR-RS,Rio Grande do Sul,7,2007,7
BR-RS,Rio Grande do Sul,8,2007,258
BR-RS,Rio Grande do Sul,9,2007,573
BR-RS,Rio Grande do Sul,10,2007,21
BR-RS,Rio Grande do Sul,11,2007,13
BR-RS,Rio Grande do Sul,12,2007,25
BR-RO,Rondonia,1,2007,33
BR-RO,Rondonia,2,2007,8
BR-RO,Rondonia,3,2007,20
BR-RO,Rondonia,4,2007,0
BR-RO,Rondonia,5,2007,4
BR-RO,Rondonia,6,2007,71
BR-RO,Rondonia,7,2007,187
BR-RO,Rondonia,8,2007,4786
BR-RO,Rondonia,9,2007,6832
BR-RO,Rondonia,10,2007,2023
BR-RO,Rondonia,11,2007,53
BR-RO,Rondonia,12,2007,6
BR-RR,Roraima,1,2007,194
BR-RR,Roraima,2,2007,796
BR-RR,Roraima,3,2007,665
BR-RR,Roraima,4,2007,58
BR-RR,Roraima,5,2007,0
BR-RR,Roraima,6,2007,1
BR-RR,Roraima,7,2007,3
BR-RR,Roraima,8,2007,2
BR-RR,Roraima,9,2007,9
BR-RR,Roraima,10,2007,15
BR-RR,Roraima,11,2007,112
BR-RR,Roraima,12,2007,8
BR-SC,Santa Catarina,1,2007,9
BR-SC,Santa Catarina,2,2007,14
BR-SC,Santa Catarina,3,2007,23
BR-SC,Santa Catarina,4,2007,2
BR-SC,Santa Catarina,5,2007,2
BR-SC,Santa Catarina,6,2007,11
BR-SC,Santa Catarina,7,2007,12
BR-SC,Santa Catarina,8,2007,462
BR-SC,Santa Catarina,9,2007,617
BR-SC,Santa Catarina,10,2007,35
BR-SC,Santa Catarina,11,2007,26
BR-SC,Santa Catarina,12,2007,17
BR-SP,Sao Paulo,1,2007,14
BR-SP,Sao Paulo,2,2007,96
BR-SP,Sao Paulo,3,2007,152
BR-SP,Sao Paulo,4,2007,44
BR-SP,Sao Paulo,5,2007,69
BR-SP,Sao Paulo,6,2007,91
BR-SP,Sao Paulo,7,2007,94
BR-SP,Sao Paulo,8,2007,470
BR-SP,Sao Paulo,9,2007,495
BR-SP,Sao Paulo,10,2007,281
BR-SP,Sao Paulo,11,2007,50
BR-SP,Sao Paulo,12,2007,21
BR-SE,Sergipe,1,2007,56
BR-SE,Sergipe,2,2007,22
BR-SE,Sergipe,3,2007,2
BR-SE,Sergipe,4,2007,1
BR-SE,Sergipe,5,2007,0
BR-SE,Sergipe,6,2007,0
BR-SE,Sergipe,7,2007,0
BR-SE,Sergipe,8,2007,0
BR-SE,Sergipe,9,2007,0
BR-SE,Sergipe,10,2007,3
BR-SE,Sergipe,11,2007,7
BR-SE,Sergipe,12,2007,33
BR-TO,Tocantins,1,2007,34
BR-TO,Tocantins,2,2007,8
BR-TO,Tocantins,3,2007,99
BR-TO,Tocantins,4,2007,22
BR-TO,Tocantins,5,2007,250
BR-TO,Tocantins,6,2007,591
BR-TO,Tocantins,7,2007,982
BR-TO,Tocantins,8,2007,4747
BR-TO,Tocantins,9,2007,6829
BR-TO,Tocantins,10,2007,2252
BR-TO,Tocantins,11,2007,147
BR-TO,Tocantins,12,2007,13
BR-AC,Acre,1,2008,0
BR-AC,Acre,2,2008,0
BR-AC,Acre,3,2008,0
BR-AC,Acre,4,2008,0
BR-AC,Acre,5,2008,0
BR-AC,Acre,6,2008,0
BR-AC,Acre,7,2008,41
BR-AC,Acre,8,2008,445
BR-AC,Acre,9,2008,1666
BR-AC,Acre,10,2008,652
BR-AC,Acre,11,2008,4
BR-AC,Acre,12,2008,0
BR-AL,Alagoas,1,2008,55
BR-AL,Alagoas,2,2008,74
BR-AL,Alagoas,3,2008,31
BR-AL,Alagoas,4,2008,18
BR-AL,Alagoas,5,2008,0
BR-AL,Alagoas,6,2008,0
BR-AL,Alagoas,7,2008,0
BR-AL,Alagoas,8,2008,1
BR-AL,Alagoas,9,2008,9
BR-AL,Alagoas,10,2008,18
BR-AL,Alagoas,11,2008,37
BR-AL,Alagoas,12,2008,34
BR-AP,Amapa,1,2008,2
BR-AP,Amapa,2,2008,0
BR-AP,Amapa,3,2008,1
BR-AP,Amapa,4,2008,2
BR-AP,Amapa,5,2008,0
BR-AP,Amapa,6,2008,0
BR-AP,Amapa,7,2008,0
BR-AP,Amapa,8,2008,4
BR-AP,Amapa,9,2008,83
BR-AP,Amapa,10,2008,395
BR-AP,Amapa,11,2008,266
BR-AP,Amapa,12,2008,32
BR-AM,Amazonas,1,2008,16
BR-AM,Amazonas,2,2008,32
BR-AM,Amazonas,3,2008,10
BR-AM,Amazonas,4,2008,13
BR-AM,Amazonas,5,2008,1
BR-AM,Amazonas,6,2008,7
BR-AM,Amazonas,7,2008,108
BR-AM,Amazonas,8,2008,861
BR-AM,Amazonas,9,2008,998
BR-AM,Amazonas,10,2008,632
BR-AM,Amazonas,11,2008,39
BR-AM,Amazonas,12,2008,0
BR-BA,Bahia,1,2008,314
BR-BA,Bahia,2,2008,235
BR-BA,Bahia,3,2008,135
BR-BA,Bahia,4,2008,151
BR-BA,Bahia,5,2008,56
BR-BA,Bahia,6,2008,72
BR-BA,Bahia,7,2008,271
BR-BA,Bahia,8,2008,611
BR-BA,Bahia,9,2008,4837
BR-BA,Bahia,10,2008,7691
BR-BA,Bahia,11,2008,3175
BR-BA,Bahia,12,2008,52
BR-CE,Ceara,1,2008,166
BR-CE,Ceara,2,2008,12
BR-CE,Ceara,3,2008,2
BR-CE,Ceara,4,2008,0
BR-CE,Ceara,5,2008,0
BR-CE,Ceara,6,2008,1
BR-CE,Ceara,7,2008,3
BR-CE,Ceara,8,2008,32
BR-CE,Ceara,9,2008,177
BR-CE,Ceara,10,2008,816
BR-CE,Ceara,11,2008,1753
BR-CE,Ceara,12,2008,1655
BR-DF,Distrito Federal,1,2008,0
BR-DF,Distrito Federal,2,2008,0
BR-DF,Distrito Federal,3,2008,2
BR-DF,Distrito Federal,4,2008,1
BR-DF,Distrito Federal,5,2008,6
BR-DF,Distrito Federal,6,2008,0
BR-DF,Distrito Federal,7,2008,12
BR-DF,Distrito Federal,8,2008,30
BR-DF,Distrito Federal,9,2008,54
BR-DF,Distrito Federal,10,2008,6
BR-DF,Distrito Federal,11,2008,4
BR-DF,Distrito Federal,12,2008,0
BR-ES,Espirito Santo,1,2008,12
BR-ES,Espirito Santo,2,2008,20
BR-ES,Espirito Santo,3,2008,5
BR-ES,Espirito Santo,4,2008,8
BR-ES,Espirito Santo,5,2008,2
BR-ES,Espirito Santo,6,2008,4
BR-ES,Espirito Santo,7,2008,5
BR-ES,Espirito Santo,8,2008,13
BR-ES,Espirito Santo,9,2008,78
BR-ES,Espirito Santo,10,2008,100
BR-ES,Espirito Santo,11,2008,3
BR-ES,Espirito Santo,12,2008,1
BR-GO,Goias,1,2008,23
BR-GO,Goias,2,2008,25
BR-GO,Goias,3,2008,20
BR-GO,Goias,4,2008,36
BR-GO,Goias,5,2008,41
BR-GO,Goias,6,2008,55
BR-GO,Goias,7,2008,193
BR-GO,Goias,8,2008,568
BR-GO,Goias,9,2008,1255
BR-GO,Goias,10,2008,1231
BR-GO,Goias,11,2008,90
BR-GO,Goias,12,2008,6
BR-MA,Maranhao,1,2008,121
BR-MA,Maranhao,2,2008,45
BR-MA,Maranhao,3,2008,4
BR-MA,Maranhao,4,2008,26
BR-MA,Maranhao,5,2008,26
BR-MA,Maranhao,6,2008,235
BR-MA,Maranhao,7,2008,502
BR-MA,Maranhao,8,2008,713
BR-MA,Maranhao,9,2008,2761
BR-MA,Maranhao,10,2008,3498
BR-MA,Maranhao,11,2008,2331
BR-MA,Maranhao,12,2008,1101
BR-MT,Mato Grosso,1,2008,245
BR-MT,Mato Grosso,2,2008,180
BR-MT,Mato Grosso,3,2008,180
BR-MT,Mato Grosso,4,2008,274
BR-MT,Mato Grosso,5,2008,119
BR-MT,Mato Grosso,6,2008,403
BR-MT,Mato Grosso,7,2008,1117
BR-MT,Mato Grosso,8,2008,2875
BR-MT,Mato Grosso,9,2008,7965
BR-MT,Mato Grosso,10,2008,6326
BR-MT,Mato Grosso,11,2008,190
BR-MT,Mato Grosso,12,2008,159
BR-MS,Mato Grosso do Sul,1,2008,63
BR-MS,Mato Grosso do Sul,2,2008,78
BR-MS,Mato Grosso do Sul,3,2008,97
BR-MS,Mato Grosso do Sul,4,2008,72
BR-MS,Mato Grosso do Sul,5,2008,34
BR-MS,Mato Grosso do Sul,6,2008,24
BR-MS,Mato Grosso do Sul,7,2008,116
BR-MS,Mato Grosso do Sul,8,2008,456
BR-MS,Mato Grosso do Sul,9,2008,162
BR-MS,Mato Grosso do Sul,10,2008,432
BR-MS,Mato Grosso do Sul,11,2008,50
BR-MS,Mato Grosso do Sul,12,2008,208
BR-MG,Minas Gerais,1,2008,85
BR-MG,Minas Gerais,2,2008,59
BR-MG,Minas Gerais,3,2008,61
BR-MG,Minas Gerais,4,2008,113
BR-MG,Minas Gerais,5,2008,50
BR-MG,Minas Gerais,6,2008,48
BR-MG,Minas Gerais,7,2008,194
BR-MG,Minas Gerais,8,2008,605
BR-MG,Minas Gerais,9,2008,2552
BR-MG,Minas Gerais,10,2008,3787
BR-MG,Minas Gerais,11,2008,892
BR-MG,Minas Gerais,12,2008,25
BR-PA,Para,1,2008,131
BR-PA,Para,2,2008,54
BR-PA,Para,3,2008,4
BR-PA,Para,4,2008,7
BR-PA,Para,5,2008,0
BR-PA,Para,6,2008,48
BR-PA,Para,7,2008,971
BR-PA,Para,8,2008,4435
BR-PA,Para,9,2008,6294
BR-PA,Para,10,2008,6653
BR-PA,Para,11,2008,2403
BR-PA,Para,12,2008,684
BR-PB,Paraiba,1,2008,77
BR-PB,Paraiba,2,2008,20
BR-PB,Paraiba,3,2008,8
BR-PB,Paraiba,4,2008,0
BR-PB,Paraiba,5,2008,0
BR-PB,Paraiba,6,2008,0
BR-PB,Paraiba,7,2008,0
BR-PB,Paraiba,8,2008,1
BR-PB,Paraiba,9,2008,21
BR-PB,Paraiba,10,2008,80
BR-PB,Paraiba,11,2008,175
BR-PB,Paraiba,12,2008,187
BR-PR,Parana,1,2008,35
BR-PR,Parana,2,2008,38
BR-PR,Parana,3,2008,43
BR-PR,Parana,4,2008,62
BR-PR,Parana,5,2008,41
BR-PR,Parana,6,2008,17
BR-PR,Parana,7,2008,87
BR-PR,Parana,8,2008,205
BR-PR,Parana,9,2008,413
BR-PR,Parana,10,2008,78
BR-PR,Parana,11,2008,39
BR-PR,Parana,12,2008,62
BR-PE,Pernambuco,1,2008,170
BR-PE,Pernambuco,2,2008,48
BR-PE,Pernambuco,3,2008,32
BR-PE,Pernambuco,4,2008,5
BR-PE,Pernambuco,5,2008,0
BR-PE,Pernambuco,6,2008,0
BR-PE,Pernambuco,7,2008,0
BR-PE,Pernambuco,8,2008,2
BR-PE,Pernambuco,9,2008,92
BR-PE,Pernambuco,10,2008,274
BR-PE,Pernambuco,11,2008,363
BR-PE,Pernambuco,12,2008,203
BR-PI,Piaui,1,2008,61
BR-PI,Piaui,2,2008,21
BR-PI,Piaui,3,2008,4
BR-PI,Piaui,4,2008,7
BR-PI,Piaui,5,2008,12
BR-PI,Piaui,6,2008,33
BR-PI,Piaui,7,2008,97
BR-PI,Piaui,8,2008,290
BR-PI,Piaui,9,2008,1472
BR-PI,Piaui,10,2008,183
BR-PI,Piaui,11,2008,594
BR-PI,Piaui,12,2008,329
BR-RJ,Rio de Janeiro,1,2008,1
BR-RJ,Rio de Janeiro,2,2008,2
BR-RJ,Rio de Janeiro,3,2008,2
BR-RJ,Rio de Janeiro,4,2008,2
BR-RJ,Rio de Janeiro,5,2008,0
BR-RJ,Rio de Janeiro,6,2008,4
BR-RJ,Rio de Janeiro,7,2008,14
BR-RJ,Rio de Janeiro,8,2008,19
BR-RJ,Rio de Janeiro,9,2008,132
BR-RJ,Rio de Janeiro,10,2008,42
BR-RJ,Rio de Janeiro,11,2008,0
BR-RJ,Rio de Janeiro,12,2008,6
BR-RN,Rio Grande do Norte,1,2008,70
BR-RN,Rio Grande do Norte,2,2008,25
BR-RN,Rio Grande do Norte,3,2008,3
BR-RN,Rio Grande do Norte,4,2008,0
BR-RN,Rio Grande do Norte,5,2008,0
BR-RN,Rio Grande do Norte,6,2008,0
BR-RN,Rio Grande do Norte,7,2008,0
BR-RN,Rio Grande do Norte,8,2008,2
BR-RN,Rio Grande do Norte,9,2008,17
BR-RN,Rio Grande do Norte,10,2008,53
BR-RN,Rio Grande do Norte,11,2008,82
BR-RN,Rio Grande do Norte,12,2008,126
BR-RS,Rio Grande do Sul,1,2008,42
BR-RS,Rio Grande do Sul,2,2008,30
BR-RS,Rio Grande do Sul,3,2008,38
BR-RS,Rio Grande do Sul,4,2008,110
BR-RS,Rio Grande do Sul,5,2008,20
BR-RS,Rio Grande do Sul,6,2008,16
BR-RS,Rio Grande do Sul,7,2008,25
BR-RS,Rio Grande do Sul,8,2008,56
BR-RS,Rio Grande do Sul,9,2008,97
BR-RS,Rio Grande do Sul,10,2008,135
BR-RS,Rio Grande do Sul,11,2008,14
BR-RS,Rio Grande do Sul,12,2008,32
BR-RO,Rondonia,1,2008,4
BR-RO,Rondonia,2,2008,7
BR-RO,Rondonia,3,2008,2
BR-RO,Rondonia,4,2008,8
BR-RO,Rondonia,5,2008,1
BR-RO,Rondonia,6,2008,11
BR-RO,Rondonia,7,2008,138
BR-RO,Rondonia,8,2008,1251
BR-RO,Rondonia,9,2008,3726
BR-RO,Rondonia,10,2008,1482
BR-RO,Rondonia,11,2008,78
BR-RO,Rondonia,12,2008,2
BR-RR,Roraima,1,2008,245
BR-RR,Roraima,2,2008,138
BR-RR,Roraima,3,2008,422
BR-RR,Roraima,4,2008,175
BR-RR,Roraima,5,2008,8
BR-RR,Roraima,6,2008,0
BR-RR,Roraima,7,2008,0
BR-RR,Roraima,8,2008,4
BR-RR,Roraima,9,2008,17
BR-RR,Roraima,10,2008,78
BR-RR,Roraima,11,2008,39
BR-RR,Roraima,12,2008,5
BR-SC,Santa Catarina,1,2008,25
BR-SC,Santa Catarina,2,2008,29
BR-SC,Santa Catarina,3,2008,14
BR-SC,Santa Catarina,4,2008,31
BR-SC,Santa Catarina,5,2008,15
BR-SC,Santa Catarina,6,2008,2
BR-SC,Santa Catarina,7,2008,46
BR-SC,Santa Catarina,8,2008,51
BR-SC,Santa Catarina,9,2008,233
BR-SC,Santa Catarina,10,2008,56
BR-SC,Santa Catarina,11,2008,16
BR-SC,Santa Catarina,12,2008,29
BR-SP,Sao Paulo,1,2008,34
BR-SP,Sao Paulo,2,2008,30
BR-SP,Sao Paulo,3,2008,72
BR-SP,Sao Paulo,4,2008,84
BR-SP,Sao Paulo,5,2008,40
BR-SP,Sao Paulo,6,2008,25
BR-SP,Sao Paulo,7,2008,126
BR-SP,Sao Paulo,8,2008,153
BR-SP,Sao Paulo,9,2008,486
BR-SP,Sao Paulo,10,2008,87
BR-SP,Sao Paulo,11,2008,20
BR-SP,Sao Paulo,12,2008,36
BR-SE,Sergipe,1,2008,100
BR-SE,Sergipe,2,2008,67
BR-SE,Sergipe,3,2008,43
BR-SE,Sergipe,4,2008,2
BR-SE,Sergipe,5,2008,0
BR-SE,Sergipe,6,2008,0
BR-SE,Sergipe,7,2008,0
BR-SE,Sergipe,8,2008,0
BR-SE,Sergipe,9,2008,0
BR-SE,Sergipe,10,2008,0
BR-SE,Sergipe,11,2008,17
BR-SE,Sergipe,12,2008,14
BR-TO,Tocantins,1,2008,28
BR-TO,Tocantins,2,2008,6
BR-TO,Tocantins,3,2008,4
BR-TO,Tocantins,4,2008,46
BR-TO,Tocantins,5,2008,81
BR-TO,Tocantins,6,2008,282
BR-TO,Tocantins,7,2008,441
BR-TO,Tocantins,8,2008,845
BR-TO,Tocantins,9,2008,239
BR-TO,Tocantins,10,2008,2832
BR-TO,Tocantins,11,2008,104
BR-TO,Tocantins,12,2008,7
BR-AC,Acre,1,2009,0
BR-AC,Acre,2,2009,2
BR-AC,Acre,3,2009,1
BR-AC,Acre,4,2009,0
BR-AC,Acre,5,2009,3
BR-AC,Acre,6,2009,0
BR-AC,Acre,7,2009,31
BR-AC,Acre,8,2009,194
BR-AC,Acre,9,2009,1265
BR-AC,Acre,10,2009,565
BR-AC,Acre,11,2009,33
BR-AC,Acre,12,2009,1
BR-AL,Alagoas,1,2009,104
BR-AL,Alagoas,2,2009,32
BR-AL,Alagoas,3,2009,31
BR-AL,Alagoas,4,2009,5
BR-AL,Alagoas,5,2009,0
BR-AL,Alagoas,6,2009,0
BR-AL,Alagoas,7,2009,0
BR-AL,Alagoas,8,2009,0
BR-AL,Alagoas,9,2009,13
BR-AL,Alagoas,10,2009,30
BR-AL,Alagoas,11,2009,55
BR-AL,Alagoas,12,2009,55
BR-AP,Amapa,1,2009,4
BR-AP,Amapa,2,2009,0
BR-AP,Amapa,3,2009,1
BR-AP,Amapa,4,2009,0
BR-AP,Amapa,5,2009,2
BR-AP,Amapa,6,2009,1
BR-AP,Amapa,7,2009,4
BR-AP,Amapa,8,2009,20
BR-AP,Amapa,9,2009,188
BR-AP,Amapa,10,2009,765
BR-AP,Amapa,11,2009,1019
BR-AP,Amapa,12,2009,123
BR-AM,Amazonas,1,2009,9
BR-AM,Amazonas,2,2009,3
BR-AM,Amazonas,3,2009,11
BR-AM,Amazonas,4,2009,1
BR-AM,Amazonas,5,2009,3
BR-AM,Amazonas,6,2009,13
BR-AM,Amazonas,7,2009,199
BR-AM,Amazonas,8,2009,1321
BR-AM,Amazonas,9,2009,3091
BR-AM,Amazonas,10,2009,2189
BR-AM,Amazonas,11,2009,973
BR-AM,Amazonas,12,2009,102
BR-BA,Bahia,1,2009,177
BR-BA,Bahia,2,2009,117
BR-BA,Bahia,3,2009,249
BR-BA,Bahia,4,2009,40
BR-BA,Bahia,5,2009,34
BR-BA,Bahia,6,2009,92
BR-BA,Bahia,7,2009,321
BR-BA,Bahia,8,2009,439
BR-BA,Bahia,9,2009,361
BR-BA,Bahia,10,2009,2552
BR-BA,Bahia,11,2009,402
BR-BA,Bahia,12,2009,308
BR-CE,Ceara,1,2009,347
BR-CE,Ceara,2,2009,8
BR-CE,Ceara,3,2009,3
BR-CE,Ceara,4,2009,0
BR-CE,Ceara,5,2009,0
BR-CE,Ceara,6,2009,0
BR-CE,Ceara,7,2009,7
BR-CE,Ceara,8,2009,26
BR-CE,Ceara,9,2009,101
BR-CE,Ceara,10,2009,435
BR-CE,Ceara,11,2009,1653
BR-CE,Ceara,12,2009,1987
BR-DF,Distrito Federal,1,2009,1
BR-DF,Distrito Federal,2,2009,0
BR-DF,Distrito Federal,3,2009,0
BR-DF,Distrito Federal,4,2009,0
BR-DF,Distrito Federal,5,2009,9
BR-DF,Distrito Federal,6,2009,4
BR-DF,Distrito Federal,7,2009,33
BR-DF,Distrito Federal,8,2009,37
BR-DF,Distrito Federal,9,2009,5
BR-DF,Distrito Federal,10,2009,3
BR-DF,Distrito Federal,11,2009,0
BR-DF,Distrito Federal,12,2009,0
BR-ES,Espirito Santo,1,2009,4
BR-ES,Espirito Santo,2,2009,12
BR-ES,Espirito Santo,3,2009,11
BR-ES,Espirito Santo,4,2009,8
BR-ES,Espirito Santo,5,2009,7
BR-ES,Espirito Santo,6,2009,12
BR-ES,Espirito Santo,7,2009,25
BR-ES,Espirito Santo,8,2009,17
BR-ES,Espirito Santo,9,2009,57
BR-ES,Espirito Santo,10,2009,13
BR-ES,Espirito Santo,11,2009,18
BR-ES,Espirito Santo,12,2009,32
BR-GO,Goias,1,2009,30
BR-GO,Goias,2,2009,29
BR-GO,Goias,3,2009,32
BR-GO,Goias,4,2009,11
BR-GO,Goias,5,2009,104
BR-GO,Goias,6,2009,179
BR-GO,Goias,7,2009,470
BR-GO,Goias,8,2009,647
BR-GO,Goias,9,2009,685
BR-GO,Goias,10,2009,367
BR-GO,Goias,11,2009,89
BR-GO,Goias,12,2009,39
BR-MA,Maranhao,1,2009,240
BR-MA,Maranhao,2,2009,20
BR-MA,Maranhao,3,2009,33
BR-MA,Maranhao,4,2009,14
BR-MA,Maranhao,5,2009,19
BR-MA,Maranhao,6,2009,279
BR-MA,Maranhao,7,2009,972
BR-MA,Maranhao,8,2009,1766
BR-MA,Maranhao,9,2009,2404
BR-MA,Maranhao,10,2009,1861
BR-MA,Maranhao,11,2009,5
BR-MA,Maranhao,12,2009,1768
BR-MT,Mato Grosso,1,2009,527
BR-MT,Mato Grosso,2,2009,248
BR-MT,Mato Grosso,3,2009,325
BR-MT,Mato Grosso,4,2009,169
BR-MT,Mato Grosso,5,2009,516
BR-MT,Mato Grosso,6,2009,979
BR-MT,Mato Grosso,7,2009,1613
BR-MT,Mato Grosso,8,2009,225
BR-MT,Mato Grosso,9,2009,3129
BR-MT,Mato Grosso,10,2009,2579
BR-MT,Mato Grosso,11,2009,588
BR-MT,Mato Grosso,12,2009,171
BR-MS,Mato Grosso do Sul,1,2009,229
BR-MS,Mato Grosso do Sul,2,2009,164
BR-MS,Mato Grosso do Sul,3,2009,118
BR-MS,Mato Grosso do Sul,4,2009,291
BR-MS,Mato Grosso do Sul,5,2009,927
BR-MS,Mato Grosso do Sul,6,2009,376
BR-MS,Mato Grosso do Sul,7,2009,354
BR-MS,Mato Grosso do Sul,8,2009,816
BR-MS,Mato Grosso do Sul,9,2009,1146
BR-MS,Mato Grosso do Sul,10,2009,854
BR-MS,Mato Grosso do Sul,11,2009,439
BR-MS,Mato Grosso do Sul,12,2009,87
BR-MG,Minas Gerais,1,2009,74
BR-MG,Minas Gerais,2,2009,74
BR-MG,Minas Gerais,3,2009,106
BR-MG,Minas Gerais,4,2009,26
BR-MG,Minas Gerais,5,2009,128
BR-MG,Minas Gerais,6,2009,173
BR-MG,Minas Gerais,7,2009,477
BR-MG,Minas Gerais,8,2009,685
BR-MG,Minas Gerais,9,2009,131
BR-MG,Minas Gerais,10,2009,1013
BR-MG,Minas Gerais,11,2009,246
BR-MG,Minas Gerais,12,2009,108
BR-PA,Para,1,2009,241
BR-PA,Para,2,2009,15
BR-PA,Para,3,2009,4
BR-PA,Para,4,2009,8
BR-PA,Para,5,2009,7
BR-PA,Para,6,2009,38
BR-PA,Para,7,2009,397
BR-PA,Para,8,2009,3859
BR-PA,Para,9,2009,6051
BR-PA,Para,10,2009,6342
BR-PA,Para,11,2009,10012
BR-PA,Para,12,2009,2832
BR-PB,Paraiba,1,2009,115
BR-PB,Paraiba,2,2009,9
BR-PB,Paraiba,3,2009,2
BR-PB,Paraiba,4,2009,1
BR-PB,Paraiba,5,2009,0
BR-PB,Paraiba,6,2009,0
BR-PB,Paraiba,7,2009,3
BR-PB,Paraiba,8,2009,4
BR-PB,Paraiba,9,2009,28
BR-PB,Paraiba,10,2009,117
BR-PB,Paraiba,11,2009,428
BR-PB,Paraiba,12,2009,270
BR-PR,Parana,1,2009,35
BR-PR,Parana,2,2009,21
BR-PR,Parana,3,2009,57
BR-PR,Parana,4,2009,80
BR-PR,Parana,5,2009,117
BR-PR,Parana,6,2009,105
BR-PR,Parana,7,2009,34
BR-PR,Parana,8,2009,844
BR-PR,Parana,9,2009,149
BR-PR,Parana,10,2009,424
BR-PR,Parana,11,2009,90
BR-PR,Parana,12,2009,30
BR-PE,Pernambuco,1,2009,256
BR-PE,Pernambuco,2,2009,28
BR-PE,Pernambuco,3,2009,15
BR-PE,Pernambuco,4,2009,3
BR-PE,Pernambuco,5,2009,0
BR-PE,Pernambuco,6,2009,1
BR-PE,Pernambuco,7,2009,1
BR-PE,Pernambuco,8,2009,10
BR-PE,Pernambuco,9,2009,164
BR-PE,Pernambuco,10,2009,254
BR-PE,Pernambuco,11,2009,486
BR-PE,Pernambuco,12,2009,351
BR-PI,Piaui,1,2009,79
BR-PI,Piaui,2,2009,19
BR-PI,Piaui,3,2009,17
BR-PI,Piaui,4,2009,8
BR-PI,Piaui,5,2009,12
BR-PI,Piaui,6,2009,56
BR-PI,Piaui,7,2009,302
BR-PI,Piaui,8,2009,790
BR-PI,Piaui,9,2009,1709
BR-PI,Piaui,10,2009,913
BR-PI,Piaui,11,2009,1336
BR-PI,Piaui,12,2009,570
BR-RJ,Rio de Janeiro,1,2009,3
BR-RJ,Rio de Janeiro,2,2009,5
BR-RJ,Rio de Janeiro,3,2009,5
BR-RJ,Rio de Janeiro,4,2009,1
BR-RJ,Rio de Janeiro,5,2009,37
BR-RJ,Rio de Janeiro,6,2009,33
BR-RJ,Rio de Janeiro,7,2009,56
BR-RJ,Rio de Janeiro,8,2009,91
BR-RJ,Rio de Janeiro,9,2009,90
BR-RJ,Rio de Janeiro,10,2009,18
BR-RJ,Rio de Janeiro,11,2009,27
BR-RJ,Rio de Janeiro,12,2009,1
BR-RN,Rio Grande do Norte,1,2009,110
BR-RN,Rio Grande do Norte,2,2009,8
BR-RN,Rio Grande do Norte,3,2009,2
BR-RN,Rio Grande do Norte,4,2009,1
BR-RN,Rio Grande do Norte,5,2009,0
BR-RN,Rio Grande do Norte,6,2009,0
BR-RN,Rio Grande do Norte,7,2009,0
BR-RN,Rio Grande do Norte,8,2009,1
BR-RN,Rio Grande do Norte,9,2009,29
BR-RN,Rio Grande do Norte,10,2009,84
BR-RN,Rio Grande do Norte,11,2009,172
BR-RN,Rio Grande do Norte,12,2009,221
BR-RS,Rio Grande do Sul,1,2009,65
BR-RS,Rio Grande do Sul,2,2009,15
BR-RS,Rio Grande do Sul,3,2009,41
BR-RS,Rio Grande do Sul,4,2009,145
BR-RS,Rio Grande do Sul,5,2009,177
BR-RS,Rio Grande do Sul,6,2009,30
BR-RS,Rio Grande do Sul,7,2009,47
BR-RS,Rio Grande do Sul,8,2009,1057
BR-RS,Rio Grande do Sul,9,2009,39
BR-RS,Rio Grande do Sul,10,2009,148
BR-RS,Rio Grande do Sul,11,2009,4
BR-RS,Rio Grande do Sul,12,2009,15
BR-RO,Rondonia,1,2009,17
BR-RO,Rondonia,2,2009,1
BR-RO,Rondonia,3,2009,12
BR-RO,Rondonia,4,2009,3
BR-RO,Rondonia,5,2009,6
BR-RO,Rondonia,6,2009,13
BR-RO,Rondonia,7,2009,110
BR-RO,Rondonia,8,2009,484
BR-RO,Rondonia,9,2009,1869
BR-RO,Rondonia,10,2009,1444
BR-RO,Rondonia,11,2009,128
BR-RO,Rondonia,12,2009,9
BR-RR,Roraima,1,2009,45
BR-RR,Roraima,2,2009,153
BR-RR,Roraima,3,2009,176
BR-RR,Roraima,4,2009,115
BR-RR,Roraima,5,2009,219
BR-RR,Roraima,6,2009,16
BR-RR,Roraima,7,2009,18
BR-RR,Roraima,8,2009,29
BR-RR,Roraima,9,2009,117
BR-RR,Roraima,10,2009,197
BR-RR,Roraima,11,2009,312
BR-RR,Roraima,12,2009,290
BR-SC,Santa Catarina,1,2009,21
BR-SC,Santa Catarina,2,2009,7
BR-SC,Santa Catarina,3,2009,33
BR-SC,Santa Catarina,4,2009,57
BR-SC,Santa Catarina,5,2009,33
BR-SC,Santa Catarina,6,2009,14
BR-SC,Santa Catarina,7,2009,26
BR-SC,Santa Catarina,8,2009,759
BR-SC,Santa Catarina,9,2009,47
BR-SC,Santa Catarina,10,2009,252
BR-SC,Santa Catarina,11,2009,61
BR-SC,Santa Catarina,12,2009,20
BR-SP,Sao Paulo,1,2009,12
BR-SP,Sao Paulo,2,2009,65
BR-SP,Sao Paulo,3,2009,55
BR-SP,Sao Paulo,4,2009,67
BR-SP,Sao Paulo,5,2009,142
BR-SP,Sao Paulo,6,2009,125
BR-SP,Sao Paulo,7,2009,110
BR-SP,Sao Paulo,8,2009,289
BR-SP,Sao Paulo,9,2009,116
BR-SP,Sao Paulo,10,2009,64
BR-SP,Sao Paulo,11,2009,83
BR-SP,Sao Paulo,12,2009,37
BR-SE,Sergipe,1,2009,60
BR-SE,Sergipe,2,2009,64
BR-SE,Sergipe,3,2009,29
BR-SE,Sergipe,4,2009,19
BR-SE,Sergipe,5,2009,0
BR-SE,Sergipe,6,2009,2
BR-SE,Sergipe,7,2009,0
BR-SE,Sergipe,8,2009,0
BR-SE,Sergipe,9,2009,1
BR-SE,Sergipe,10,2009,1
BR-SE,Sergipe,11,2009,9
BR-SE,Sergipe,12,2009,21
BR-TO,Tocantins,1,2009,43
BR-TO,Tocantins,2,2009,21
BR-TO,Tocantins,3,2009,23
BR-TO,Tocantins,4,2009,5
BR-TO,Tocantins,5,2009,91
BR-TO,Tocantins,6,2009,421
BR-TO,Tocantins,7,2009,989
BR-TO,Tocantins,8,2009,1124
BR-TO,Tocantins,9,2009,2017
BR-TO,Tocantins,10,2009,718
BR-TO,Tocantins,11,2009,251
BR-TO,Tocantins,12,2009,46
BR-AC,Acre,1,2010,1
BR-AC,Acre,2,2010,0
BR-AC,Acre,3,2010,0
BR-AC,Acre,4,2010,3
BR-AC,Acre,5,2010,9
BR-AC,Acre,6,2010,1
BR-AC,Acre,7,2010,126
BR-AC,Acre,8,2010,1682
BR-AC,Acre,9,2010,2531
BR-AC,Acre,10,2010,292
BR-AC,Acre,11,2010,39
BR-AC,Acre,12,2010,0
BR-AL,Alagoas,1,2010,23
BR-AL,Alagoas,2,2010,26
BR-AL,Alagoas,3,2010,70
BR-AL,Alagoas,4,2010,3
BR-AL,Alagoas,5,2010,0
BR-AL,Alagoas,6,2010,0
BR-AL,Alagoas,7,2010,2
BR-AL,Alagoas,8,2010,1
BR-AL,Alagoas,9,2010,5
BR-AL,Alagoas,10,2010,16
BR-AL,Alagoas,11,2010,31
BR-AL,Alagoas,12,2010,45
BR-AP,Amapa,1,2010,2
BR-AP,Amapa,2,2010,0
BR-AP,Amapa,3,2010,2
BR-AP,Amapa,4,2010,2
BR-AP,Amapa,5,2010,2
BR-AP,Amapa,6,2010,0
BR-AP,Amapa,7,2010,2
BR-AP,Amapa,8,2010,1
BR-AP,Amapa,9,2010,63
BR-AP,Amapa,10,2010,265
BR-AP,Amapa,11,2010,339
BR-AP,Amapa,12,2010,43
BR-AM,Amazonas,1,2010,82
BR-AM,Amazonas,2,2010,81
BR-AM,Amazonas,3,2010,116
BR-AM,Amazonas,4,2010,11
BR-AM,Amazonas,5,2010,13
BR-AM,Amazonas,6,2010,9
BR-AM,Amazonas,7,2010,640
BR-AM,Amazonas,8,2010,3727
BR-AM,Amazonas,9,2010,2781
BR-AM,Amazonas,10,2010,889
BR-AM,Amazonas,11,2010,354
BR-AM,Amazonas,12,2010,123
BR-BA,Bahia,1,2010,297
BR-BA,Bahia,2,2010,206
BR-BA,Bahia,3,2010,156
BR-BA,Bahia,4,2010,103
BR-BA,Bahia,5,2010,198
BR-BA,Bahia,6,2010,192
BR-BA,Bahia,7,2010,519
BR-BA,Bahia,8,2010,2423
BR-BA,Bahia,9,2010,5323
BR-BA,Bahia,10,2010,5264
BR-BA,Bahia,11,2010,605
BR-BA,Bahia,12,2010,226
BR-CE,Ceara,1,2010,288
BR-CE,Ceara,2,2010,63
BR-CE,Ceara,3,2010,40
BR-CE,Ceara,4,2010,7
BR-CE,Ceara,5,2010,2
BR-CE,Ceara,6,2010,3
BR-CE,Ceara,7,2010,44
BR-CE,Ceara,8,2010,202
BR-CE,Ceara,9,2010,357
BR-CE,Ceara,10,2010,502
BR-CE,Ceara,11,2010,1652
BR-CE,Ceara,12,2010,578
BR-DF,Distrito Federal,1,2010,2
BR-DF,Distrito Federal,2,2010,4
BR-DF,Distrito Federal,3,2010,0
BR-DF,Distrito Federal,4,2010,8
BR-DF,Distrito Federal,5,2010,23
BR-DF,Distrito Federal,6,2010,21
BR-DF,Distrito Federal,7,2010,85
BR-DF,Distrito Federal,8,2010,159
BR-DF,Distrito Federal,9,2010,196
BR-DF,Distrito Federal,10,2010,6
BR-DF,Distrito Federal,11,2010,0
BR-DF,Distrito Federal,12,2010,1
BR-ES,Espirito Santo,1,2010,52
BR-ES,Espirito Santo,2,2010,15
BR-ES,Espirito Santo,3,2010,3
BR-ES,Espirito Santo,4,2010,7
BR-ES,Espirito Santo,5,2010,3
BR-ES,Espirito Santo,6,2010,3
BR-ES,Espirito Santo,7,2010,5
BR-ES,Espirito Santo,8,2010,39
BR-ES,Espirito Santo,9,2010,53
BR-ES,Espirito Santo,10,2010,32
BR-ES,Espirito Santo,11,2010,3
BR-ES,Espirito Santo,12,2010,10
BR-GO,Goias,1,2010,59
BR-GO,Goias,2,2010,86
BR-GO,Goias,3,2010,65
BR-GO,Goias,4,2010,105
BR-GO,Goias,5,2010,239
BR-GO,Goias,6,2010,278
BR-GO,Goias,7,2010,941
BR-GO,Goias,8,2010,2914
BR-GO,Goias,9,2010,5075
BR-GO,Goias,10,2010,1227
BR-GO,Goias,11,2010,67
BR-GO,Goias,12,2010,48
BR-MA,Maranhao,1,2010,319
BR-MA,Maranhao,2,2010,93
BR-MA,Maranhao,3,2010,82
BR-MA,Maranhao,4,2010,128
BR-MA,Maranhao,5,2010,273
BR-MA,Maranhao,6,2010,494
BR-MA,Maranhao,7,2010,2323
BR-MA,Maranhao,8,2010,6353
BR-MA,Maranhao,9,2010,9795
BR-MA,Maranhao,10,2010,3228
BR-MA,Maranhao,11,2010,4005
BR-MA,Maranhao,12,2010,1803
BR-MT,Mato Grosso,1,2010,298
BR-MT,Mato Grosso,2,2010,431
BR-MT,Mato Grosso,3,2010,605
BR-MT,Mato Grosso,4,2010,769
BR-MT,Mato Grosso,5,2010,1313
BR-MT,Mato Grosso,6,2010,1025
BR-MT,Mato Grosso,7,2010,3442
BR-MT,Mato Grosso,8,2010,14608
BR-MT,Mato Grosso,9,2010,18366
BR-MT,Mato Grosso,10,2010,4465
BR-MT,Mato Grosso,11,2010,768
BR-MT,Mato Grosso,12,2010,846
BR-MS,Mato Grosso do Sul,1,2010,72
BR-MS,Mato Grosso do Sul,2,2010,157
BR-MS,Mato Grosso do Sul,3,2010,149
BR-MS,Mato Grosso do Sul,4,2010,136
BR-MS,Mato Grosso do Sul,5,2010,105
BR-MS,Mato Grosso do Sul,6,2010,149
BR-MS,Mato Grosso do Sul,7,2010,589
BR-MS,Mato Grosso do Sul,8,2010,1721
BR-MS,Mato Grosso do Sul,9,2010,1505
BR-MS,Mato Grosso do Sul,10,2010,597
BR-MS,Mato Grosso do Sul,11,2010,259
BR-MS,Mato Grosso do Sul,12,2010,276
BR-MG,Minas Gerais,1,2010,118
BR-MG,Minas Gerais,2,2010,155
BR-MG,Minas Gerais,3,2010,109
BR-MG,Minas Gerais,4,2010,112
BR-MG,Minas Gerais,5,2010,179
BR-MG,Minas Gerais,6,2010,139
BR-MG,Minas Gerais,7,2010,707
BR-MG,Minas Gerais,8,2010,3353
BR-MG,Minas Gerais,9,2010,5059
BR-MG,Minas Gerais,10,2010,2048
BR-MG,Minas Gerais,11,2010,82
BR-MG,Minas Gerais,12,2010,105
BR-PA,Para,1,2010,437
BR-PA,Para,2,2010,102
BR-PA,Para,3,2010,110
BR-PA,Para,4,2010,22
BR-PA,Para,5,2010,57
BR-PA,Para,6,2010,94
BR-PA,Para,7,2010,1432
BR-PA,Para,8,2010,1813
BR-PA,Para,9,2010,1081
BR-PA,Para,10,2010,3843
BR-PA,Para,11,2010,4417
BR-PA,Para,12,2010,1612
BR-PB,Paraiba,1,2010,46
BR-PB,Paraiba,2,2010,15
BR-PB,Paraiba,3,2010,16
BR-PB,Paraiba,4,2010,2
BR-PB,Paraiba,5,2010,10
BR-PB,Paraiba,6,2010,3
BR-PB,Paraiba,7,2010,7
BR-PB,Paraiba,8,2010,9
BR-PB,Paraiba,9,2010,37
BR-PB,Paraiba,10,2010,150
BR-PB,Paraiba,11,2010,451
BR-PB,Paraiba,12,2010,65
BR-PR,Parana,1,2010,18
BR-PR,Parana,2,2010,46
BR-PR,Parana,3,2010,22
BR-PR,Parana,4,2010,71
BR-PR,Parana,5,2010,39
BR-PR,Parana,6,2010,55
BR-PR,Parana,7,2010,196
BR-PR,Parana,8,2010,733
BR-PR,Parana,9,2010,270
BR-PR,Parana,10,2010,230
BR-PR,Parana,11,2010,183
BR-PR,Parana,12,2010,37
BR-PE,Pernambuco,1,2010,47
BR-PE,Pernambuco,2,2010,33
BR-PE,Pernambuco,3,2010,59
BR-PE,Pernambuco,4,2010,2
BR-PE,Pernambuco,5,2010,8
BR-PE,Pernambuco,6,2010,1
BR-PE,Pernambuco,7,2010,7
BR-PE,Pernambuco,8,2010,29
BR-PE,Pernambuco,9,2010,179
BR-PE,Pernambuco,10,2010,347
BR-PE,Pernambuco,11,2010,831
BR-PE,Pernambuco,12,2010,117
BR-PI,Piaui,1,2010,99
BR-PI,Piaui,2,2010,54
BR-PI,Piaui,3,2010,47
BR-PI,Piaui,4,2010,56
BR-PI,Piaui,5,2010,231
BR-PI,Piaui,6,2010,208
BR-PI,Piaui,7,2010,1696
BR-PI,Piaui,8,2010,4035
BR-PI,Piaui,9,2010,5392
BR-PI,Piaui,10,2010,3863
BR-PI,Piaui,11,2010,1417
BR-PI,Piaui,12,2010,357
BR-RJ,Rio de Janeiro,1,2010,13
BR-RJ,Rio de Janeiro,2,2010,73
BR-RJ,Rio de Janeiro,3,2010,10
BR-RJ,Rio de Janeiro,4,2010,10
BR-RJ,Rio de Janeiro,5,2010,6
BR-RJ,Rio de Janeiro,6,2010,7
BR-RJ,Rio de Janeiro,7,2010,55
BR-RJ,Rio de Janeiro,8,2010,316
BR-RJ,Rio de Janeiro,9,2010,353
BR-RJ,Rio de Janeiro,10,2010,35
BR-RJ,Rio de Janeiro,11,2010,23
BR-RJ,Rio de Janeiro,12,2010,10
BR-RN,Rio Grande do Norte,1,2010,32
BR-RN,Rio Grande do Norte,2,2010,12
BR-RN,Rio Grande do Norte,3,2010,23
BR-RN,Rio Grande do Norte,4,2010,7
BR-RN,Rio Grande do Norte,5,2010,3
BR-RN,Rio Grande do Norte,6,2010,1
BR-RN,Rio Grande do Norte,7,2010,7
BR-RN,Rio Grande do Norte,8,2010,24
BR-RN,Rio Grande do Norte,9,2010,50
BR-RN,Rio Grande do Norte,10,2010,111
BR-RN,Rio Grande do Norte,11,2010,212
BR-RN,Rio Grande do Norte,12,2010,54
BR-RS,Rio Grande do Sul,1,2010,22
BR-RS,Rio Grande do Sul,2,2010,23
BR-RS,Rio Grande do Sul,3,2010,21
BR-RS,Rio Grande do Sul,4,2010,72
BR-RS,Rio Grande do Sul,5,2010,9
BR-RS,Rio Grande do Sul,6,2010,4
BR-RS,Rio Grande do Sul,7,2010,34
BR-RS,Rio Grande do Sul,8,2010,267
BR-RS,Rio Grande do Sul,9,2010,250
BR-RS,Rio Grande do Sul,10,2010,95
BR-RS,Rio Grande do Sul,11,2010,90
BR-RS,Rio Grande do Sul,12,2010,103
BR-RO,Rondonia,1,2010,18
BR-RO,Rondonia,2,2010,9
BR-RO,Rondonia,3,2010,11
BR-RO,Rondonia,4,2010,19
BR-RO,Rondonia,5,2010,41
BR-RO,Rondonia,6,2010,44
BR-RO,Rondonia,7,2010,747
BR-RO,Rondonia,8,2010,4388
BR-RO,Rondonia,9,2010,4893
BR-RO,Rondonia,10,2010,1307
BR-RO,Rondonia,11,2010,238
BR-RO,Rondonia,12,2010,158
BR-RR,Roraima,1,2010,351
BR-RR,Roraima,2,2010,470
BR-RR,Roraima,3,2010,417
BR-RR,Roraima,4,2010,15
BR-RR,Roraima,5,2010,3
BR-RR,Roraima,6,2010,0
BR-RR,Roraima,7,2010,1
BR-RR,Roraima,8,2010,3
BR-RR,Roraima,9,2010,18
BR-RR,Roraima,10,2010,64
BR-RR,Roraima,11,2010,27
BR-RR,Roraima,12,2010,73
BR-SC,Santa Catarina,1,2010,2
BR-SC,Santa Catarina,2,2010,15
BR-SC,Santa Catarina,3,2010,9
BR-SC,Santa Catarina,4,2010,19
BR-SC,Santa Catarina,5,2010,1
BR-SC,Santa Catarina,6,2010,1
BR-SC,Santa Catarina,7,2010,31
BR-SC,Santa Catarina,8,2010,511
BR-SC,Santa Catarina,9,2010,198
BR-SC,Santa Catarina,10,2010,76
BR-SC,Santa Catarina,11,2010,88
BR-SC,Santa Catarina,12,2010,23
BR-SP,Sao Paulo,1,2010,45
BR-SP,Sao Paulo,2,2010,152
BR-SP,Sao Paulo,3,2010,111
BR-SP,Sao Paulo,4,2010,91
BR-SP,Sao Paulo,5,2010,150
BR-SP,Sao Paulo,6,2010,143
BR-SP,Sao Paulo,7,2010,600
BR-SP,Sao Paulo,8,2010,1809
BR-SP,Sao Paulo,9,2010,1677
BR-SP,Sao Paulo,10,2010,260
BR-SP,Sao Paulo,11,2010,104
BR-SP,Sao Paulo,12,2010,52
BR-SE,Sergipe,1,2010,29
BR-SE,Sergipe,2,2010,33
BR-SE,Sergipe,3,2010,44
BR-SE,Sergipe,4,2010,1
BR-SE,Sergipe,5,2010,0
BR-SE,Sergipe,6,2010,0
BR-SE,Sergipe,7,2010,0
BR-SE,Sergipe,8,2010,0
BR-SE,Sergipe,9,2010,0
BR-SE,Sergipe,10,2010,1
BR-SE,Sergipe,11,2010,16
BR-SE,Sergipe,12,2010,19
BR-TO,Tocantins,1,2010,79
BR-TO,Tocantins,2,2010,32
BR-TO,Tocantins,3,2010,120
BR-TO,Tocantins,4,2010,419
BR-TO,Tocantins,5,2010,580
BR-TO,Tocantins,6,2010,767
BR-TO,Tocantins,7,2010,2408
BR-TO,Tocantins,8,2010,7865
BR-TO,Tocantins,9,2010,10172
BR-TO,Tocantins,10,2010,2272
BR-TO,Tocantins,11,2010,283
BR-TO,Tocantins,12,2010,72
BR-AC,Acre,1,2011,0
BR-AC,Acre,2,2011,0
BR-AC,Acre,3,2011,0
BR-AC,Acre,4,2011,2
BR-AC,Acre,5,2011,3
BR-AC,Acre,6,2011,10
BR-AC,Acre,7,2011,93
BR-AC,Acre,8,2011,425
BR-AC,Acre,9,2011,1204
BR-AC,Acre,10,2011,97
BR-AC,Acre,11,2011,74
BR-AC,Acre,12,2011,4
BR-AL,Alagoas,1,2011,41
BR-AL,Alagoas,2,2011,33
BR-AL,Alagoas,3,2011,34
BR-AL,Alagoas,4,2011,17
BR-AL,Alagoas,5,2011,0
BR-AL,Alagoas,6,2011,2
BR-AL,Alagoas,7,2011,0
BR-AL,Alagoas,8,2011,4
BR-AL,Alagoas,9,2011,5
BR-AL,Alagoas,10,2011,23
BR-AL,Alagoas,11,2011,23
BR-AL,Alagoas,12,2011,50
BR-AP,Amapa,1,2011,0
BR-AP,Amapa,2,2011,3
BR-AP,Amapa,3,2011,0
BR-AP,Amapa,4,2011,0
BR-AP,Amapa,5,2011,2
BR-AP,Amapa,6,2011,0
BR-AP,Amapa,7,2011,5
BR-AP,Amapa,8,2011,16
BR-AP,Amapa,9,2011,128
BR-AP,Amapa,10,2011,304
BR-AP,Amapa,11,2011,282
BR-AP,Amapa,12,2011,360
BR-AM,Amazonas,1,2011,53
BR-AM,Amazonas,2,2011,30
BR-AM,Amazonas,3,2011,49
BR-AM,Amazonas,4,2011,5
BR-AM,Amazonas,5,2011,6
BR-AM,Amazonas,6,2011,22
BR-AM,Amazonas,7,2011,271
BR-AM,Amazonas,8,2011,1243
BR-AM,Amazonas,9,2011,1295
BR-AM,Amazonas,10,2011,694
BR-AM,Amazonas,11,2011,399
BR-AM,Amazonas,12,2011,121
BR-BA,Bahia,1,2011,101
BR-BA,Bahia,2,2011,156
BR-BA,Bahia,3,2011,90
BR-BA,Bahia,4,2011,149
BR-BA,Bahia,5,2011,189
BR-BA,Bahia,6,2011,345
BR-BA,Bahia,7,2011,578
BR-BA,Bahia,8,2011,1795
BR-BA,Bahia,9,2011,7086
BR-BA,Bahia,10,2011,2166
BR-BA,Bahia,11,2011,176
BR-BA,Bahia,12,2011,230
BR-CE,Ceara,1,2011,32
BR-CE,Ceara,2,2011,2
BR-CE,Ceara,3,2011,6
BR-CE,Ceara,4,2011,1
BR-CE,Ceara,5,2011,0
BR-CE,Ceara,6,2011,5
BR-CE,Ceara,7,2011,18
BR-CE,Ceara,8,2011,53
BR-CE,Ceara,9,2011,239
BR-CE,Ceara,10,2011,415
BR-CE,Ceara,11,2011,1561
BR-CE,Ceara,12,2011,1441
BR-DF,Distrito Federal,1,2011,2
BR-DF,Distrito Federal,2,2011,1
BR-DF,Distrito Federal,3,2011,0
BR-DF,Distrito Federal,4,2011,1
BR-DF,Distrito Federal,5,2011,3
BR-DF,Distrito Federal,6,2011,18
BR-DF,Distrito Federal,7,2011,53
BR-DF,Distrito Federal,8,2011,61
BR-DF,Distrito Federal,9,2011,133
BR-DF,Distrito Federal,10,2011,0
BR-DF,Distrito Federal,11,2011,1
BR-DF,Distrito Federal,12,2011,0
BR-ES,Espirito Santo,1,2011,3
BR-ES,Espirito Santo,2,2011,42
BR-ES,Espirito Santo,3,2011,5
BR-ES,Espirito Santo,4,2011,3
BR-ES,Espirito Santo,5,2011,2
BR-ES,Espirito Santo,6,2011,7
BR-ES,Espirito Santo,7,2011,18
BR-ES,Espirito Santo,8,2011,93
BR-ES,Espirito Santo,9,2011,108
BR-ES,Espirito Santo,10,2011,38
BR-ES,Espirito Santo,11,2011,6
BR-ES,Espirito Santo,12,2011,1
BR-GO,Goias,1,2011,39
BR-GO,Goias,2,2011,45
BR-GO,Goias,3,2011,19
BR-GO,Goias,4,2011,71
BR-GO,Goias,5,2011,136
BR-GO,Goias,6,2011,314
BR-GO,Goias,7,2011,607
BR-GO,Goias,8,2011,1613
BR-GO,Goias,9,2011,2259
BR-GO,Goias,10,2011,476
BR-GO,Goias,11,2011,59
BR-GO,Goias,12,2011,39
BR-MA,Maranhao,1,2011,124
BR-MA,Maranhao,2,2011,9
BR-MA,Maranhao,3,2011,22
BR-MA,Maranhao,4,2011,37
BR-MA,Maranhao,5,2011,73
BR-MA,Maranhao,6,2011,602
BR-MA,Maranhao,7,2011,1024
BR-MA,Maranhao,8,2011,2138
BR-MA,Maranhao,9,2011,4632
BR-MA,Maranhao,10,2011,2404
BR-MA,Maranhao,11,2011,2261
BR-MA,Maranhao,12,2011,1629
BR-MT,Mato Grosso,1,2011,171
BR-MT,Mato Grosso,2,2011,119
BR-MT,Mato Grosso,3,2011,252
BR-MT,Mato Grosso,4,2011,345
BR-MT,Mato Grosso,5,2011,547
BR-MT,Mato Grosso,6,2011,974
BR-MT,Mato Grosso,7,2011,1061
BR-MT,Mato Grosso,8,2011,2628
BR-MT,Mato Grosso,9,2011,6332
BR-MT,Mato Grosso,10,2011,201
BR-MT,Mato Grosso,11,2011,1103
BR-MT,Mato Grosso,12,2011,431
BR-MS,Mato Grosso do Sul,1,2011,129
BR-MS,Mato Grosso do Sul,2,2011,61
BR-MS,Mato Grosso do Sul,3,2011,37
BR-MS,Mato Grosso do Sul,4,2011,23
BR-MS,Mato Grosso do Sul,5,2011,81
BR-MS,Mato Grosso do Sul,6,2011,104
BR-MS,Mato Grosso do Sul,7,2011,250
BR-MS,Mato Grosso do Sul,8,2011,552
BR-MS,Mato Grosso do Sul,9,2011,1072
BR-MS,Mato Grosso do Sul,10,2011,276
BR-MS,Mato Grosso do Sul,11,2011,445
BR-MS,Mato Grosso do Sul,12,2011,577
BR-MG,Minas Gerais,1,2011,61
BR-MG,Minas Gerais,2,2011,111
BR-MG,Minas Gerais,3,2011,67
BR-MG,Minas Gerais,4,2011,66
BR-MG,Minas Gerais,5,2011,151
BR-MG,Minas Gerais,6,2011,304
BR-MG,Minas Gerais,7,2011,801
BR-MG,Minas Gerais,8,2011,2742
BR-MG,Minas Gerais,9,2011,5978
BR-MG,Minas Gerais,10,2011,1206
BR-MG,Minas Gerais,11,2011,153
BR-MG,Minas Gerais,12,2011,43
BR-PA,Para,1,2011,108
BR-PA,Para,2,2011,13
BR-PA,Para,3,2011,21
BR-PA,Para,4,2011,10
BR-PA,Para,5,2011,16
BR-PA,Para,6,2011,105
BR-PA,Para,7,2011,632
BR-PA,Para,8,2011,2195
BR-PA,Para,9,2011,5185
BR-PA,Para,10,2011,3141
BR-PA,Para,11,2011,3043
BR-PA,Para,12,2011,3218
BR-PB,Paraiba,1,2011,11
BR-PB,Paraiba,2,2011,5
BR-PB,Paraiba,3,2011,6
BR-PB,Paraiba,4,2011,2
BR-PB,Paraiba,5,2011,0
BR-PB,Paraiba,6,2011,2
BR-PB,Paraiba,7,2011,6
BR-PB,Paraiba,8,2011,12
BR-PB,Paraiba,9,2011,55
BR-PB,Paraiba,10,2011,200
BR-PB,Paraiba,11,2011,359
BR-PB,Paraiba,12,2011,179
BR-PR,Parana,1,2011,35
BR-PR,Parana,2,2011,8
BR-PR,Parana,3,2011,21
BR-PR,Parana,4,2011,38
BR-PR,Parana,5,2011,97
BR-PR,Parana,6,2011,162
BR-PR,Parana,7,2011,262
BR-PR,Parana,8,2011,435
BR-PR,Parana,9,2011,913
BR-PR,Parana,10,2011,256
BR-PR,Parana,11,2011,138
BR-PR,Parana,12,2011,78
BR-PE,Pernambuco,1,2011,49
BR-PE,Pernambuco,2,2011,25
BR-PE,Pernambuco,3,2011,39
BR-PE,Pernambuco,4,2011,22
BR-PE,Pernambuco,5,2011,1
BR-PE,Pernambuco,6,2011,4
BR-PE,Pernambuco,7,2011,2
BR-PE,Pernambuco,8,2011,27
BR-PE,Pernambuco,9,2011,243
BR-PE,Pernambuco,10,2011,461
BR-PE,Pernambuco,11,2011,352
BR-PE,Pernambuco,12,2011,364
BR-PI,Piaui,1,2011,39
BR-PI,Piaui,2,2011,11
BR-PI,Piaui,3,2011,15
BR-PI,Piaui,4,2011,16
BR-PI,Piaui,5,2011,77
BR-PI,Piaui,6,2011,462
BR-PI,Piaui,7,2011,864
BR-PI,Piaui,8,2011,1958
BR-PI,Piaui,9,2011,4402
BR-PI,Piaui,10,2011,1484
BR-PI,Piaui,11,2011,825
BR-PI,Piaui,12,2011,362
BR-RJ,Rio de Janeiro,1,2011,10
BR-RJ,Rio de Janeiro,2,2011,36
BR-RJ,Rio de Janeiro,3,2011,7
BR-RJ,Rio de Janeiro,4,2011,12
BR-RJ,Rio de Janeiro,5,2011,17
BR-RJ,Rio de Janeiro,6,2011,33
BR-RJ,Rio de Janeiro,7,2011,121
BR-RJ,Rio de Janeiro,8,2011,250
BR-RJ,Rio de Janeiro,9,2011,510
BR-RJ,Rio de Janeiro,10,2011,114
BR-RJ,Rio de Janeiro,11,2011,20
BR-RJ,Rio de Janeiro,12,2011,3
BR-RN,Rio Grande do Norte,1,2011,15
BR-RN,Rio Grande do Norte,2,2011,5
BR-RN,Rio Grande do Norte,3,2011,3
BR-RN,Rio Grande do Norte,4,2011,0
BR-RN,Rio Grande do Norte,5,2011,0
BR-RN,Rio Grande do Norte,6,2011,1
BR-RN,Rio Grande do Norte,7,2011,0
BR-RN,Rio Grande do Norte,8,2011,10
BR-RN,Rio Grande do Norte,9,2011,22
BR-RN,Rio Grande do Norte,10,2011,76
BR-RN,Rio Grande do Norte,11,2011,144
BR-RN,Rio Grande do Norte,12,2011,125
BR-RS,Rio Grande do Sul,1,2011,33
BR-RS,Rio Grande do Sul,2,2011,26
BR-RS,Rio Grande do Sul,3,2011,31
BR-RS,Rio Grande do Sul,4,2011,41
BR-RS,Rio Grande do Sul,5,2011,20
BR-RS,Rio Grande do Sul,6,2011,12
BR-RS,Rio Grande do Sul,7,2011,45
BR-RS,Rio Grande do Sul,8,2011,116
BR-RS,Rio Grande do Sul,9,2011,449
BR-RS,Rio Grande do Sul,10,2011,74
BR-RS,Rio Grande do Sul,11,2011,117
BR-RS,Rio Grande do Sul,12,2011,69
BR-RO,Rondonia,1,2011,1
BR-RO,Rondonia,2,2011,2
BR-RO,Rondonia,3,2011,6
BR-RO,Rondonia,4,2011,8
BR-RO,Rondonia,5,2011,54
BR-RO,Rondonia,6,2011,130
BR-RO,Rondonia,7,2011,293
BR-RO,Rondonia,8,2011,1161
BR-RO,Rondonia,9,2011,1782
BR-RO,Rondonia,10,2011,822
BR-RO,Rondonia,11,2011,245
BR-RO,Rondonia,12,2011,37
BR-RR,Roraima,1,2011,225
BR-RR,Roraima,2,2011,112
BR-RR,Roraima,3,2011,91
BR-RR,Roraima,4,2011,108
BR-RR,Roraima,5,2011,4
BR-RR,Roraima,6,2011,6
BR-RR,Roraima,7,2011,9
BR-RR,Roraima,8,2011,39
BR-RR,Roraima,9,2011,53
BR-RR,Roraima,10,2011,65
BR-RR,Roraima,11,2011,121
BR-RR,Roraima,12,2011,249
BR-SC,Santa Catarina,1,2011,9
BR-SC,Santa Catarina,2,2011,1
BR-SC,Santa Catarina,3,2011,8
BR-SC,Santa Catarina,4,2011,5
BR-SC,Santa Catarina,5,2011,16
BR-SC,Santa Catarina,6,2011,26
BR-SC,Santa Catarina,7,2011,31
BR-SC,Santa Catarina,8,2011,175
BR-SC,Santa Catarina,9,2011,450
BR-SC,Santa Catarina,10,2011,102
BR-SC,Santa Catarina,11,2011,79
BR-SC,Santa Catarina,12,2011,24
BR-SP,Sao Paulo,1,2011,75
BR-SP,Sao Paulo,2,2011,73
BR-SP,Sao Paulo,3,2011,45
BR-SP,Sao Paulo,4,2011,52
BR-SP,Sao Paulo,5,2011,136
BR-SP,Sao Paulo,6,2011,210
BR-SP,Sao Paulo,7,2011,479
BR-SP,Sao Paulo,8,2011,1067
BR-SP,Sao Paulo,9,2011,1108
BR-SP,Sao Paulo,10,2011,188
BR-SP,Sao Paulo,11,2011,87
BR-SP,Sao Paulo,12,2011,53
BR-SE,Sergipe,1,2011,36
BR-SE,Sergipe,2,2011,31
BR-SE,Sergipe,3,2011,47
BR-SE,Sergipe,4,2011,12
BR-SE,Sergipe,5,2011,0
BR-SE,Sergipe,6,2011,1
BR-SE,Sergipe,7,2011,0
BR-SE,Sergipe,8,2011,1
BR-SE,Sergipe,9,2011,0
BR-SE,Sergipe,10,2011,5
BR-SE,Sergipe,11,2011,4
BR-SE,Sergipe,12,2011,36
BR-TO,Tocantins,1,2011,14
BR-TO,Tocantins,2,2011,13
BR-TO,Tocantins,3,2011,16
BR-TO,Tocantins,4,2011,106
BR-TO,Tocantins,5,2011,354
BR-TO,Tocantins,6,2011,717
BR-TO,Tocantins,7,2011,1001
BR-TO,Tocantins,8,2011,1668
BR-TO,Tocantins,9,2011,4658
BR-TO,Tocantins,10,2011,1591
BR-TO,Tocantins,11,2011,144
BR-TO,Tocantins,12,2011,105
BR-AC,Acre,1,2012,0
BR-AC,Acre,2,2012,0
BR-AC,Acre,3,2012,1
BR-AC,Acre,4,2012,1
BR-AC,Acre,5,2012,3
BR-AC,Acre,6,2012,7
BR-AC,Acre,7,2012,71
BR-AC,Acre,8,2012,739
BR-AC,Acre,9,2012,1996
BR-AC,Acre,10,2012,348
BR-AC,Acre,11,2012,13
BR-AC,Acre,12,2012,1
BR-AL,Alagoas,1,2012,36
BR-AL,Alagoas,2,2012,41
BR-AL,Alagoas,3,2012,44
BR-AL,Alagoas,4,2012,18
BR-AL,Alagoas,5,2012,21
BR-AL,Alagoas,6,2012,4
BR-AL,Alagoas,7,2012,0
BR-AL,Alagoas,8,2012,0
BR-AL,Alagoas,9,2012,6
BR-AL,Alagoas,10,2012,28
BR-AL,Alagoas,11,2012,95
BR-AL,Alagoas,12,2012,59
BR-AP,Amapa,1,2012,30
BR-AP,Amapa,2,2012,5
BR-AP,Amapa,3,2012,1
BR-AP,Amapa,4,2012,2
BR-AP,Amapa,5,2012,2
BR-AP,Amapa,6,2012,7
BR-AP,Amapa,7,2012,3
BR-AP,Amapa,8,2012,19
BR-AP,Amapa,9,2012,168
BR-AP,Amapa,10,2012,475
BR-AP,Amapa,11,2012,969
BR-AP,Amapa,12,2012,422
BR-AM,Amazonas,1,2012,6
BR-AM,Amazonas,2,2012,25
BR-AM,Amazonas,3,2012,17
BR-AM,Amazonas,4,2012,3
BR-AM,Amazonas,5,2012,12
BR-AM,Amazonas,6,2012,45
BR-AM,Amazonas,7,2012,234
BR-AM,Amazonas,8,2012,3011
BR-AM,Amazonas,9,2012,2392
BR-AM,Amazonas,10,2012,1238
BR-AM,Amazonas,11,2012,682
BR-AM,Amazonas,12,2012,80
BR-BA,Bahia,1,2012,179
BR-BA,Bahia,2,2012,200
BR-BA,Bahia,3,2012,404
BR-BA,Bahia,4,2012,396
BR-BA,Bahia,5,2012,326
BR-BA,Bahia,6,2012,385
BR-BA,Bahia,7,2012,906
BR-BA,Bahia,8,2012,1835
BR-BA,Bahia,9,2012,7495
BR-BA,Bahia,10,2012,4607
BR-BA,Bahia,11,2012,168
BR-BA,Bahia,12,2012,477
BR-CE,Ceara,1,2012,273
BR-CE,Ceara,2,2012,41
BR-CE,Ceara,3,2012,10
BR-CE,Ceara,4,2012,2
BR-CE,Ceara,5,2012,19
BR-CE,Ceara,6,2012,28
BR-CE,Ceara,7,2012,50
BR-CE,Ceara,8,2012,278
BR-CE,Ceara,9,2012,609
BR-CE,Ceara,10,2012,1104
BR-CE,Ceara,11,2012,995
BR-CE,Ceara,12,2012,631
BR-DF,Distrito Federal,1,2012,0
BR-DF,Distrito Federal,2,2012,0
BR-DF,Distrito Federal,3,2012,0
BR-DF,Distrito Federal,4,2012,4
BR-DF,Distrito Federal,5,2012,0
BR-DF,Distrito Federal,6,2012,6
BR-DF,Distrito Federal,7,2012,29
BR-DF,Distrito Federal,8,2012,55
BR-DF,Distrito Federal,9,2012,64
BR-DF,Distrito Federal,10,2012,15
BR-DF,Distrito Federal,11,2012,0
BR-DF,Distrito Federal,12,2012,0
BR-ES,Espirito Santo,1,2012,1
BR-ES,Espirito Santo,2,2012,25
BR-ES,Espirito Santo,3,2012,35
BR-ES,Espirito Santo,4,2012,74
BR-ES,Espirito Santo,5,2012,20
BR-ES,Espirito Santo,6,2012,15
BR-ES,Espirito Santo,7,2012,35
BR-ES,Espirito Santo,8,2012,12
BR-ES,Espirito Santo,9,2012,48
BR-ES,Espirito Santo,10,2012,62
BR-ES,Espirito Santo,11,2012,7
BR-ES,Espirito Santo,12,2012,18
BR-GO,Goias,1,2012,21
BR-GO,Goias,2,2012,37
BR-GO,Goias,3,2012,57
BR-GO,Goias,4,2012,89
BR-GO,Goias,5,2012,103
BR-GO,Goias,6,2012,245
BR-GO,Goias,7,2012,564
BR-GO,Goias,8,2012,912
BR-GO,Goias,9,2012,2452
BR-GO,Goias,10,2012,1524
BR-GO,Goias,11,2012,57
BR-GO,Goias,12,2012,93
BR-MA,Maranhao,1,2012,326
BR-MA,Maranhao,2,2012,46
BR-MA,Maranhao,3,2012,49
BR-MA,Maranhao,4,2012,97
BR-MA,Maranhao,5,2012,286
BR-MA,Maranhao,6,2012,915
BR-MA,Maranhao,7,2012,3548
BR-MA,Maranhao,8,2012,10395
BR-MA,Maranhao,9,2012,7626
BR-MA,Maranhao,10,2012,5
BR-MA,Maranhao,11,2012,201
BR-MA,Maranhao,12,2012,1296
BR-MT,Mato Grosso,1,2012,166
BR-MT,Mato Grosso,2,2012,193
BR-MT,Mato Grosso,3,2012,423
BR-MT,Mato Grosso,4,2012,521
BR-MT,Mato Grosso,5,2012,812
BR-MT,Mato Grosso,6,2012,1651
BR-MT,Mato Grosso,7,2012,2008
BR-MT,Mato Grosso,8,2012,6195
BR-MT,Mato Grosso,9,2012,10344
BR-MT,Mato Grosso,10,2012,2837
BR-MT,Mato Grosso,11,2012,375
BR-MT,Mato Grosso,12,2012,492
BR-MS,Mato Grosso do Sul,1,2012,201
BR-MS,Mato Grosso do Sul,2,2012,112
BR-MS,Mato Grosso do Sul,3,2012,169
BR-MS,Mato Grosso do Sul,4,2012,97
BR-MS,Mato Grosso do Sul,5,2012,157
BR-MS,Mato Grosso do Sul,6,2012,96
BR-MS,Mato Grosso do Sul,7,2012,538
BR-MS,Mato Grosso do Sul,8,2012,2951
BR-MS,Mato Grosso do Sul,9,2012,2264
BR-MS,Mato Grosso do Sul,10,2012,652
BR-MS,Mato Grosso do Sul,11,2012,115
BR-MS,Mato Grosso do Sul,12,2012,194
BR-MG,Minas Gerais,1,2012,75
BR-MG,Minas Gerais,2,2012,123
BR-MG,Minas Gerais,3,2012,152
BR-MG,Minas Gerais,4,2012,180
BR-MG,Minas Gerais,5,2012,144
BR-MG,Minas Gerais,6,2012,219
BR-MG,Minas Gerais,7,2012,669
BR-MG,Minas Gerais,8,2012,901
BR-MG,Minas Gerais,9,2012,3219
BR-MG,Minas Gerais,10,2012,397
BR-MG,Minas Gerais,11,2012,220
BR-MG,Minas Gerais,12,2012,189
BR-PA,Para,1,2012,392
BR-PA,Para,2,2012,63
BR-PA,Para,3,2012,30
BR-PA,Para,4,2012,11
BR-PA,Para,5,2012,59
BR-PA,Para,6,2012,183
BR-PA,Para,7,2012,661
BR-PA,Para,8,2012,6964
BR-PA,Para,9,2012,687
BR-PA,Para,10,2012,3714
BR-PA,Para,11,2012,6156
BR-PA,Para,12,2012,1812
BR-PB,Paraiba,1,2012,61
BR-PB,Paraiba,2,2012,15
BR-PB,Paraiba,3,2012,4
BR-PB,Paraiba,4,2012,13
BR-PB,Paraiba,5,2012,10
BR-PB,Paraiba,6,2012,5
BR-PB,Paraiba,7,2012,5
BR-PB,Paraiba,8,2012,13
BR-PB,Paraiba,9,2012,71
BR-PB,Paraiba,10,2012,136
BR-PB,Paraiba,11,2012,130
BR-PB,Paraiba,12,2012,62
BR-PR,Parana,1,2012,31
BR-PR,Parana,2,2012,40
BR-PR,Parana,3,2012,55
BR-PR,Parana,4,2012,38
BR-PR,Parana,5,2012,86
BR-PR,Parana,6,2012,77
BR-PR,Parana,7,2012,111
BR-PR,Parana,8,2012,522
BR-PR,Parana,9,2012,459
BR-PR,Parana,10,2012,145
BR-PR,Parana,11,2012,142
BR-PR,Parana,12,2012,54
BR-PE,Pernambuco,1,2012,146
BR-PE,Pernambuco,2,2012,64
BR-PE,Pernambuco,3,2012,44
BR-PE,Pernambuco,4,2012,46
BR-PE,Pernambuco,5,2012,36
BR-PE,Pernambuco,6,2012,12
BR-PE,Pernambuco,7,2012,11
BR-PE,Pernambuco,8,2012,27
BR-PE,Pernambuco,9,2012,192
BR-PE,Pernambuco,10,2012,222
BR-PE,Pernambuco,11,2012,181
BR-PE,Pernambuco,12,2012,108
BR-PI,Piaui,1,2012,80
BR-PI,Piaui,2,2012,31
BR-PI,Piaui,3,2012,71
BR-PI,Piaui,4,2012,119
BR-PI,Piaui,5,2012,334
BR-PI,Piaui,6,2012,834
BR-PI,Piaui,7,2012,1755
BR-PI,Piaui,8,2012,3614
BR-PI,Piaui,9,2012,4479
BR-PI,Piaui,10,2012,2506
BR-PI,Piaui,11,2012,447
BR-PI,Piaui,12,2012,334
BR-RJ,Rio de Janeiro,1,2012,12
BR-RJ,Rio de Janeiro,2,2012,11
BR-RJ,Rio de Janeiro,3,2012,20
BR-RJ,Rio de Janeiro,4,2012,12
BR-RJ,Rio de Janeiro,5,2012,18
BR-RJ,Rio de Janeiro,6,2012,14
BR-RJ,Rio de Janeiro,7,2012,50
BR-RJ,Rio de Janeiro,8,2012,72
BR-RJ,Rio de Janeiro,9,2012,172
BR-RJ,Rio de Janeiro,10,2012,163
BR-RJ,Rio de Janeiro,11,2012,13
BR-RJ,Rio de Janeiro,12,2012,18
BR-RN,Rio Grande do Norte,1,2012,72
BR-RN,Rio Grande do Norte,2,2012,13
BR-RN,Rio Grande do Norte,3,2012,2
BR-RN,Rio Grande do Norte,4,2012,4
BR-RN,Rio Grande do Norte,5,2012,14
BR-RN,Rio Grande do Norte,6,2012,5
BR-RN,Rio Grande do Norte,7,2012,3
BR-RN,Rio Grande do Norte,8,2012,23
BR-RN,Rio Grande do Norte,9,2012,41
BR-RN,Rio Grande do Norte,10,2012,74
BR-RN,Rio Grande do Norte,11,2012,69
BR-RN,Rio Grande do Norte,12,2012,75
BR-RS,Rio Grande do Sul,1,2012,61
BR-RS,Rio Grande do Sul,2,2012,39
BR-RS,Rio Grande do Sul,3,2012,50
BR-RS,Rio Grande do Sul,4,2012,41
BR-RS,Rio Grande do Sul,5,2012,112
BR-RS,Rio Grande do Sul,6,2012,86
BR-RS,Rio Grande do Sul,7,2012,134
BR-RS,Rio Grande do Sul,8,2012,410
BR-RS,Rio Grande do Sul,9,2012,113
BR-RS,Rio Grande do Sul,10,2012,91
BR-RS,Rio Grande do Sul,11,2012,74
BR-RS,Rio Grande do Sul,12,2012,38
BR-RO,Rondonia,1,2012,2
BR-RO,Rondonia,2,2012,9
BR-RO,Rondonia,3,2012,6
BR-RO,Rondonia,4,2012,12
BR-RO,Rondonia,5,2012,22
BR-RO,Rondonia,6,2012,32
BR-RO,Rondonia,7,2012,205
BR-RO,Rondonia,8,2012,2209
BR-RO,Rondonia,9,2012,2471
BR-RO,Rondonia,10,2012,1229
BR-RO,Rondonia,11,2012,174
BR-RO,Rondonia,12,2012,50
BR-RR,Roraima,1,2012,217
BR-RR,Roraima,2,2012,130
BR-RR,Roraima,3,2012,99
BR-RR,Roraima,4,2012,25
BR-RR,Roraima,5,2012,18
BR-RR,Roraima,6,2012,22
BR-RR,Roraima,7,2012,2
BR-RR,Roraima,8,2012,4
BR-RR,Roraima,9,2012,67
BR-RR,Roraima,10,2012,152
BR-RR,Roraima,11,2012,187
BR-RR,Roraima,12,2012,78
BR-SC,Santa Catarina,1,2012,14
BR-SC,Santa Catarina,2,2012,13
BR-SC,Santa Catarina,3,2012,65
BR-SC,Santa Catarina,4,2012,40
BR-SC,Santa Catarina,5,2012,60
BR-SC,Santa Catarina,6,2012,42
BR-SC,Santa Catarina,7,2012,42
BR-SC,Santa Catarina,8,2012,398
BR-SC,Santa Catarina,9,2012,188
BR-SC,Santa Catarina,10,2012,34
BR-SC,Santa Catarina,11,2012,72
BR-SC,Santa Catarina,12,2012,32
BR-SP,Sao Paulo,1,2012,38
BR-SP,Sao Paulo,2,2012,81
BR-SP,Sao Paulo,3,2012,99
BR-SP,Sao Paulo,4,2012,82
BR-SP,Sao Paulo,5,2012,82
BR-SP,Sao Paulo,6,2012,30
BR-SP,Sao Paulo,7,2012,179
BR-SP,Sao Paulo,8,2012,435
BR-SP,Sao Paulo,9,2012,813
BR-SP,Sao Paulo,10,2012,206
BR-SP,Sao Paulo,11,2012,50
BR-SP,Sao Paulo,12,2012,64
BR-SE,Sergipe,1,2012,39
BR-SE,Sergipe,2,2012,34
BR-SE,Sergipe,3,2012,71
BR-SE,Sergipe,4,2012,40
BR-SE,Sergipe,5,2012,17
BR-SE,Sergipe,6,2012,3
BR-SE,Sergipe,7,2012,1
BR-SE,Sergipe,8,2012,0
BR-SE,Sergipe,9,2012,1
BR-SE,Sergipe,10,2012,1
BR-SE,Sergipe,11,2012,6
BR-SE,Sergipe,12,2012,18
BR-TO,Tocantins,1,2012,12
BR-TO,Tocantins,2,2012,45
BR-TO,Tocantins,3,2012,80
BR-TO,Tocantins,4,2012,226
BR-TO,Tocantins,5,2012,467
BR-TO,Tocantins,6,2012,922
BR-TO,Tocantins,7,2012,1693
BR-TO,Tocantins,8,2012,428
BR-TO,Tocantins,9,2012,746
BR-TO,Tocantins,10,2012,368
BR-TO,Tocantins,11,2012,179
BR-TO,Tocantins,12,2012,128
BR-AC,Acre,1,2013,0
BR-AC,Acre,2,2013,0
BR-AC,Acre,3,2013,2
BR-AC,Acre,4,2013,19
BR-AC,Acre,5,2013,4
BR-AC,Acre,6,2013,8
BR-AC,Acre,7,2013,54
BR-AC,Acre,8,2013,679
BR-AC,Acre,9,2013,2136
BR-AC,Acre,10,2013,258
BR-AC,Acre,11,2013,79
BR-AC,Acre,12,2013,3
BR-AL,Alagoas,1,2013,49
BR-AL,Alagoas,2,2013,19
BR-AL,Alagoas,3,2013,31
BR-AL,Alagoas,4,2013,25
BR-AL,Alagoas,5,2013,2
BR-AL,Alagoas,6,2013,1
BR-AL,Alagoas,7,2013,0
BR-AL,Alagoas,8,2013,0
BR-AL,Alagoas,9,2013,4
BR-AL,Alagoas,10,2013,25
BR-AL,Alagoas,11,2013,10
BR-AL,Alagoas,12,2013,42
BR-AP,Amapa,1,2013,3
BR-AP,Amapa,2,2013,0
BR-AP,Amapa,3,2013,0
BR-AP,Amapa,4,2013,2
BR-AP,Amapa,5,2013,0
BR-AP,Amapa,6,2013,1
BR-AP,Amapa,7,2013,1
BR-AP,Amapa,8,2013,9
BR-AP,Amapa,9,2013,85
BR-AP,Amapa,10,2013,385
BR-AP,Amapa,11,2013,341
BR-AP,Amapa,12,2013,148
BR-AM,Amazonas,1,2013,37
BR-AM,Amazonas,2,2013,16
BR-AM,Amazonas,3,2013,49
BR-AM,Amazonas,4,2013,20
BR-AM,Amazonas,5,2013,19
BR-AM,Amazonas,6,2013,56
BR-AM,Amazonas,7,2013,248
BR-AM,Amazonas,8,2013,1276
BR-AM,Amazonas,9,2013,1739
BR-AM,Amazonas,10,2013,1202
BR-AM,Amazonas,11,2013,220
BR-AM,Amazonas,12,2013,236
BR-BA,Bahia,1,2013,125
BR-BA,Bahia,2,2013,231
BR-BA,Bahia,3,2013,363
BR-BA,Bahia,4,2013,108
BR-BA,Bahia,5,2013,141
BR-BA,Bahia,6,2013,208
BR-BA,Bahia,7,2013,362
BR-BA,Bahia,8,2013,610
BR-BA,Bahia,9,2013,2681
BR-BA,Bahia,10,2013,1969
BR-BA,Bahia,11,2013,288
BR-BA,Bahia,12,2013,131
BR-CE,Ceara,1,2013,103
BR-CE,Ceara,2,2013,49
BR-CE,Ceara,3,2013,17
BR-CE,Ceara,4,2013,4
BR-CE,Ceara,5,2013,4
BR-CE,Ceara,6,2013,5
BR-CE,Ceara,7,2013,4
BR-CE,Ceara,8,2013,32
BR-CE,Ceara,9,2013,177
BR-CE,Ceara,10,2013,466
BR-CE,Ceara,11,2013,1081
BR-CE,Ceara,12,2013,956
BR-DF,Distrito Federal,1,2013,0
BR-DF,Distrito Federal,2,2013,1
BR-DF,Distrito Federal,3,2013,1
BR-DF,Distrito Federal,4,2013,1
BR-DF,Distrito Federal,5,2013,2
BR-DF,Distrito Federal,6,2013,4
BR-DF,Distrito Federal,7,2013,22
BR-DF,Distrito Federal,8,2013,34
BR-DF,Distrito Federal,9,2013,31
BR-DF,Distrito Federal,10,2013,3
BR-DF,Distrito Federal,11,2013,0
BR-DF,Distrito Federal,12,2013,2
BR-ES,Espirito Santo,1,2013,10
BR-ES,Espirito Santo,2,2013,15
BR-ES,Espirito Santo,3,2013,13
BR-ES,Espirito Santo,4,2013,16
BR-ES,Espirito Santo,5,2013,14
BR-ES,Espirito Santo,6,2013,22
BR-ES,Espirito Santo,7,2013,20
BR-ES,Espirito Santo,8,2013,53
BR-ES,Espirito Santo,9,2013,30
BR-ES,Espirito Santo,10,2013,37
BR-ES,Espirito Santo,11,2013,11
BR-ES,Espirito Santo,12,2013,9
BR-GO,Goias,1,2013,33
BR-GO,Goias,2,2013,86
BR-GO,Goias,3,2013,79
BR-GO,Goias,4,2013,42
BR-GO,Goias,5,2013,150
BR-GO,Goias,6,2013,192
BR-GO,Goias,7,2013,350
BR-GO,Goias,8,2013,488
BR-GO,Goias,9,2013,684
BR-GO,Goias,10,2013,606
BR-GO,Goias,11,2013,183
BR-GO,Goias,12,2013,86
BR-MA,Maranhao,1,2013,209
BR-MA,Maranhao,2,2013,62
BR-MA,Maranhao,3,2013,30
BR-MA,Maranhao,4,2013,62
BR-MA,Maranhao,5,2013,100
BR-MA,Maranhao,6,2013,498
BR-MA,Maranhao,7,2013,1111
BR-MA,Maranhao,8,2013,2098
BR-MA,Maranhao,9,2013,388
BR-MA,Maranhao,10,2013,2918
BR-MA,Maranhao,11,2013,2529
BR-MA,Maranhao,12,2013,2692
BR-MT,Mato Grosso,1,2013,269
BR-MT,Mato Grosso,2,2013,375
BR-MT,Mato Grosso,3,2013,563
BR-MT,Mato Grosso,4,2013,338
BR-MT,Mato Grosso,5,2013,739
BR-MT,Mato Grosso,6,2013,1213
BR-MT,Mato Grosso,7,2013,163
BR-MT,Mato Grosso,8,2013,3568
BR-MT,Mato Grosso,9,2013,5576
BR-MT,Mato Grosso,10,2013,1986
BR-MT,Mato Grosso,11,2013,1064
BR-MT,Mato Grosso,12,2013,447
BR-MS,Mato Grosso do Sul,1,2013,174
BR-MS,Mato Grosso do Sul,2,2013,100
BR-MS,Mato Grosso do Sul,3,2013,158
BR-MS,Mato Grosso do Sul,4,2013,78
BR-MS,Mato Grosso do Sul,5,2013,72
BR-MS,Mato Grosso do Sul,6,2013,35
BR-MS,Mato Grosso do Sul,7,2013,201
BR-MS,Mato Grosso do Sul,8,2013,677
BR-MS,Mato Grosso do Sul,9,2013,1074
BR-MS,Mato Grosso do Sul,10,2013,378
BR-MS,Mato Grosso do Sul,11,2013,423
BR-MS,Mato Grosso do Sul,12,2013,195
BR-MG,Minas Gerais,1,2013,75
BR-MG,Minas Gerais,2,2013,143
BR-MG,Minas Gerais,3,2013,110
BR-MG,Minas Gerais,4,2013,61
BR-MG,Minas Gerais,5,2013,150
BR-MG,Minas Gerais,6,2013,144
BR-MG,Minas Gerais,7,2013,462
BR-MG,Minas Gerais,8,2013,911
BR-MG,Minas Gerais,9,2013,1656
BR-MG,Minas Gerais,10,2013,1221
BR-MG,Minas Gerais,11,2013,277
BR-MG,Minas Gerais,12,2013,98
BR-PA,Para,1,2013,167
BR-PA,Para,2,2013,30
BR-PA,Para,3,2013,19
BR-PA,Para,4,2013,20
BR-PA,Para,5,2013,42
BR-PA,Para,6,2013,173
BR-PA,Para,7,2013,447
BR-PA,Para,8,2013,2161
BR-PA,Para,9,2013,336
BR-PA,Para,10,2013,4921
BR-PA,Para,11,2013,3688
BR-PA,Para,12,2013,5514
BR-PB,Paraiba,1,2013,38
BR-PB,Paraiba,2,2013,9
BR-PB,Paraiba,3,2013,3
BR-PB,Paraiba,4,2013,6
BR-PB,Paraiba,5,2013,3
BR-PB,Paraiba,6,2013,3
BR-PB,Paraiba,7,2013,1
BR-PB,Paraiba,8,2013,3
BR-PB,Paraiba,9,2013,25
BR-PB,Paraiba,10,2013,58
BR-PB,Paraiba,11,2013,95
BR-PB,Paraiba,12,2013,78
BR-PR,Parana,1,2013,28
BR-PR,Parana,2,2013,9
BR-PR,Parana,3,2013,18
BR-PR,Parana,4,2013,72
BR-PR,Parana,5,2013,85
BR-PR,Parana,6,2013,52
BR-PR,Parana,7,2013,168
BR-PR,Parana,8,2013,481
BR-PR,Parana,9,2013,476
BR-PR,Parana,10,2013,233
BR-PR,Parana,11,2013,126
BR-PR,Parana,12,2013,155
BR-PE,Pernambuco,1,2013,55
BR-PE,Pernambuco,2,2013,29
BR-PE,Pernambuco,3,2013,40
BR-PE,Pernambuco,4,2013,11
BR-PE,Pernambuco,5,2013,9
BR-PE,Pernambuco,6,2013,12
BR-PE,Pernambuco,7,2013,4
BR-PE,Pernambuco,8,2013,14
BR-PE,Pernambuco,9,2013,143
BR-PE,Pernambuco,10,2013,161
BR-PE,Pernambuco,11,2013,110
BR-PE,Pernambuco,12,2013,141
BR-PI,Piaui,1,2013,72
BR-PI,Piaui,2,2013,68
BR-PI,Piaui,3,2013,14
BR-PI,Piaui,4,2013,34
BR-PI,Piaui,5,2013,40
BR-PI,Piaui,6,2013,263
BR-PI,Piaui,7,2013,361
BR-PI,Piaui,8,2013,1015
BR-PI,Piaui,9,2013,2311
BR-PI,Piaui,10,2013,1269
BR-PI,Piaui,11,2013,640
BR-PI,Piaui,12,2013,468
BR-RJ,Rio de Janeiro,1,2013,9
BR-RJ,Rio de Janeiro,2,2013,12
BR-RJ,Rio de Janeiro,3,2013,9
BR-RJ,Rio de Janeiro,4,2013,9
BR-RJ,Rio de Janeiro,5,2013,16
BR-RJ,Rio de Janeiro,6,2013,17
BR-RJ,Rio de Janeiro,7,2013,58
BR-RJ,Rio de Janeiro,8,2013,74
BR-RJ,Rio de Janeiro,9,2013,117
BR-RJ,Rio de Janeiro,10,2013,44
BR-RJ,Rio de Janeiro,11,2013,28
BR-RJ,Rio de Janeiro,12,2013,12
BR-RN,Rio Grande do Norte,1,2013,25
BR-RN,Rio Grande do Norte,2,2013,24
BR-RN,Rio Grande do Norte,3,2013,6
BR-RN,Rio Grande do Norte,4,2013,7
BR-RN,Rio Grande do Norte,5,2013,2
BR-RN,Rio Grande do Norte,6,2013,1
BR-RN,Rio Grande do Norte,7,2013,0
BR-RN,Rio Grande do Norte,8,2013,2
BR-RN,Rio Grande do Norte,9,2013,7
BR-RN,Rio Grande do Norte,10,2013,71
BR-RN,Rio Grande do Norte,11,2013,77
BR-RN,Rio Grande do Norte,12,2013,46
BR-RS,Rio Grande do Sul,1,2013,22
BR-RS,Rio Grande do Sul,2,2013,43
BR-RS,Rio Grande do Sul,3,2013,44
BR-RS,Rio Grande do Sul,4,2013,47
BR-RS,Rio Grande do Sul,5,2013,14
BR-RS,Rio Grande do Sul,6,2013,10
BR-RS,Rio Grande do Sul,7,2013,42
BR-RS,Rio Grande do Sul,8,2013,156
BR-RS,Rio Grande do Sul,9,2013,290
BR-RS,Rio Grande do Sul,10,2013,104
BR-RS,Rio Grande do Sul,11,2013,110
BR-RS,Rio Grande do Sul,12,2013,62
BR-RO,Rondonia,1,2013,7
BR-RO,Rondonia,2,2013,8
BR-RO,Rondonia,3,2013,23
BR-RO,Rondonia,4,2013,9
BR-RO,Rondonia,5,2013,9
BR-RO,Rondonia,6,2013,22
BR-RO,Rondonia,7,2013,117
BR-RO,Rondonia,8,2013,885
BR-RO,Rondonia,9,2013,1776
BR-RO,Rondonia,10,2013,555
BR-RO,Rondonia,11,2013,108
BR-RO,Rondonia,12,2013,143
BR-RR,Roraima,1,2013,397
BR-RR,Roraima,2,2013,62
BR-RR,Roraima,3,2013,179
BR-RR,Roraima,4,2013,87
BR-RR,Roraima,5,2013,4
BR-RR,Roraima,6,2013,6
BR-RR,Roraima,7,2013,4
BR-RR,Roraima,8,2013,3
BR-RR,Roraima,9,2013,18
BR-RR,Roraima,10,2013,63
BR-RR,Roraima,11,2013,106
BR-RR,Roraima,12,2013,65
BR-SC,Santa Catarina,1,2013,18
BR-SC,Santa Catarina,2,2013,12
BR-SC,Santa Catarina,3,2013,14
BR-SC,Santa Catarina,4,2013,46
BR-SC,Santa Catarina,5,2013,52
BR-SC,Santa Catarina,6,2013,31
BR-SC,Santa Catarina,7,2013,69
BR-SC,Santa Catarina,8,2013,236
BR-SC,Santa Catarina,9,2013,303
BR-SC,Santa Catarina,10,2013,107
BR-SC,Santa Catarina,11,2013,84
BR-SC,Santa Catarina,12,2013,74
BR-SP,Sao Paulo,1,2013,36
BR-SP,Sao Paulo,2,2013,100
BR-SP,Sao Paulo,3,2013,57
BR-SP,Sao Paulo,4,2013,103
BR-SP,Sao Paulo,5,2013,118
BR-SP,Sao Paulo,6,2013,47
BR-SP,Sao Paulo,7,2013,181
BR-SP,Sao Paulo,8,2013,497
BR-SP,Sao Paulo,9,2013,560
BR-SP,Sao Paulo,10,2013,127
BR-SP,Sao Paulo,11,2013,120
BR-SP,Sao Paulo,12,2013,109
BR-SE,Sergipe,1,2013,34
BR-SE,Sergipe,2,2013,47
BR-SE,Sergipe,3,2013,67
BR-SE,Sergipe,4,2013,15
BR-SE,Sergipe,5,2013,1
BR-SE,Sergipe,6,2013,1
BR-SE,Sergipe,7,2013,0
BR-SE,Sergipe,8,2013,0
BR-SE,Sergipe,9,2013,1
BR-SE,Sergipe,10,2013,3
BR-SE,Sergipe,11,2013,7
BR-SE,Sergipe,12,2013,9
BR-TO,Tocantins,1,2013,50
BR-TO,Tocantins,2,2013,37
BR-TO,Tocantins,3,2013,60
BR-TO,Tocantins,4,2013,130
BR-TO,Tocantins,5,2013,373
BR-TO,Tocantins,6,2013,873
BR-TO,Tocantins,7,2013,1393
BR-TO,Tocantins,8,2013,181
BR-TO,Tocantins,9,2013,2445
BR-TO,Tocantins,10,2013,2155
BR-TO,Tocantins,11,2013,345
BR-TO,Tocantins,12,2013,85
BR-AC,Acre,1,2014,0
BR-AC,Acre,2,2014,0
BR-AC,Acre,3,2014,1
BR-AC,Acre,4,2014,7
BR-AC,Acre,5,2014,1
BR-AC,Acre,6,2014,17
BR-AC,Acre,7,2014,60
BR-AC,Acre,8,2014,11
BR-AC,Acre,9,2014,2175
BR-AC,Acre,10,2014,406
BR-AC,Acre,11,2014,56
BR-AC,Acre,12,2014,6
BR-AL,Alagoas,1,2014,54
BR-AL,Alagoas,2,2014,29
BR-AL,Alagoas,3,2014,28
BR-AL,Alagoas,4,2014,16
BR-AL,Alagoas,5,2014,1
BR-AL,Alagoas,6,2014,2
BR-AL,Alagoas,7,2014,1
BR-AL,Alagoas,8,2014,3
BR-AL,Alagoas,9,2014,11
BR-AL,Alagoas,10,2014,7
BR-AL,Alagoas,11,2014,14
BR-AL,Alagoas,12,2014,24
BR-AP,Amapa,1,2014,10
BR-AP,Amapa,2,2014,2
BR-AP,Amapa,3,2014,1
BR-AP,Amapa,4,2014,0
BR-AP,Amapa,5,2014,0
BR-AP,Amapa,6,2014,0
BR-AP,Amapa,7,2014,4
BR-AP,Amapa,8,2014,18
BR-AP,Amapa,9,2014,137
BR-AP,Amapa,10,2014,480
BR-AP,Amapa,11,2014,484
BR-AP,Amapa,12,2014,354
BR-AM,Amazonas,1,2014,46
BR-AM,Amazonas,2,2014,49
BR-AM,Amazonas,3,2014,50
BR-AM,Amazonas,4,2014,25
BR-AM,Amazonas,5,2014,12
BR-AM,Amazonas,6,2014,74
BR-AM,Amazonas,7,2014,202
BR-AM,Amazonas,8,2014,3852
BR-AM,Amazonas,9,2014,3057
BR-AM,Amazonas,10,2014,952
BR-AM,Amazonas,11,2014,676
BR-AM,Amazonas,12,2014,293
BR-BA,Bahia,1,2014,132
BR-BA,Bahia,2,2014,107
BR-BA,Bahia,3,2014,148
BR-BA,Bahia,4,2014,183
BR-BA,Bahia,5,2014,224
BR-BA,Bahia,6,2014,243
BR-BA,Bahia,7,2014,249
BR-BA,Bahia,8,2014,674
BR-BA,Bahia,9,2014,2604
BR-BA,Bahia,10,2014,2763
BR-BA,Bahia,11,2014,348
BR-BA,Bahia,12,2014,144
BR-CE,Ceara,1,2014,115
BR-CE,Ceara,2,2014,18
BR-CE,Ceara,3,2014,6
BR-CE,Ceara,4,2014,4
BR-CE,Ceara,5,2014,4
BR-CE,Ceara,6,2014,19
BR-CE,Ceara,7,2014,47
BR-CE,Ceara,8,2014,155
BR-CE,Ceara,9,2014,155
BR-CE,Ceara,10,2014,517
BR-CE,Ceara,11,2014,829
BR-CE,Ceara,12,2014,643
BR-DF,Distrito Federal,1,2014,0
BR-DF,Distrito Federal,2,2014,1
BR-DF,Distrito Federal,3,2014,1
BR-DF,Distrito Federal,4,2014,2
BR-DF,Distrito Federal,5,2014,9
BR-DF,Distrito Federal,6,2014,6
BR-DF,Distrito Federal,7,2014,27
BR-DF,Distrito Federal,8,2014,99
BR-DF,Distrito Federal,9,2014,72
BR-DF,Distrito Federal,10,2014,34
BR-DF,Distrito Federal,11,2014,0
BR-DF,Distrito Federal,12,2014,0
BR-ES,Espirito Santo,1,2014,11
BR-ES,Espirito Santo,2,2014,17
BR-ES,Espirito Santo,3,2014,15
BR-ES,Espirito Santo,4,2014,15
BR-ES,Espirito Santo,5,2014,18
BR-ES,Espirito Santo,6,2014,9
BR-ES,Espirito Santo,7,2014,17
BR-ES,Espirito Santo,8,2014,47
BR-ES,Espirito Santo,9,2014,61
BR-ES,Espirito Santo,10,2014,89
BR-ES,Espirito Santo,11,2014,20
BR-ES,Espirito Santo,12,2014,28
BR-GO,Goias,1,2014,80
BR-GO,Goias,2,2014,44
BR-GO,Goias,3,2014,80
BR-GO,Goias,4,2014,138
BR-GO,Goias,5,2014,210
BR-GO,Goias,6,2014,318
BR-GO,Goias,7,2014,446
BR-GO,Goias,8,2014,1255
BR-GO,Goias,9,2014,1687
BR-GO,Goias,10,2014,1947
BR-GO,Goias,11,2014,181
BR-GO,Goias,12,2014,68
BR-MA,Maranhao,1,2014,195
BR-MA,Maranhao,2,2014,29
BR-MA,Maranhao,3,2014,59
BR-MA,Maranhao,4,2014,78
BR-MA,Maranhao,5,2014,148
BR-MA,Maranhao,6,2014,812
BR-MA,Maranhao,7,2014,2068
BR-MA,Maranhao,8,2014,5592
BR-MA,Maranhao,9,2014,4373
BR-MA,Maranhao,10,2014,5812
BR-MA,Maranhao,11,2014,3869
BR-MA,Maranhao,12,2014,24
BR-MT,Mato Grosso,1,2014,315
BR-MT,Mato Grosso,2,2014,199
BR-MT,Mato Grosso,3,2014,655
BR-MT,Mato Grosso,4,2014,859
BR-MT,Mato Grosso,5,2014,933
BR-MT,Mato Grosso,6,2014,1795
BR-MT,Mato Grosso,7,2014,2255
BR-MT,Mato Grosso,8,2014,7167
BR-MT,Mato Grosso,9,2014,7081
BR-MT,Mato Grosso,10,2014,5281
BR-MT,Mato Grosso,11,2014,1018
BR-MT,Mato Grosso,12,2014,466
BR-MS,Mato Grosso do Sul,1,2014,197
BR-MS,Mato Grosso do Sul,2,2014,139
BR-MS,Mato Grosso do Sul,3,2014,95
BR-MS,Mato Grosso do Sul,4,2014,129
BR-MS,Mato Grosso do Sul,5,2014,70
BR-MS,Mato Grosso do Sul,6,2014,84
BR-MS,Mato Grosso do Sul,7,2014,193
BR-MS,Mato Grosso do Sul,8,2014,312
BR-MS,Mato Grosso do Sul,9,2014,365
BR-MS,Mato Grosso do Sul,10,2014,581
BR-MS,Mato Grosso do Sul,11,2014,190
BR-MS,Mato Grosso do Sul,12,2014,84
BR-MG,Minas Gerais,1,2014,133
BR-MG,Minas Gerais,2,2014,157
BR-MG,Minas Gerais,3,2014,77
BR-MG,Minas Gerais,4,2014,161
BR-MG,Minas Gerais,5,2014,224
BR-MG,Minas Gerais,6,2014,376
BR-MG,Minas Gerais,7,2014,559
BR-MG,Minas Gerais,8,2014,1952
BR-MG,Minas Gerais,9,2014,3454
BR-MG,Minas Gerais,10,2014,4735
BR-MG,Minas Gerais,11,2014,398
BR-MG,Minas Gerais,12,2014,155
BR-PA,Para,1,2014,251
BR-PA,Para,2,2014,37
BR-PA,Para,3,2014,34
BR-PA,Para,4,2014,27
BR-PA,Para,5,2014,70
BR-PA,Para,6,2014,319
BR-PA,Para,7,2014,825
BR-PA,Para,8,2014,8555
BR-PA,Para,9,2014,6787
BR-PA,Para,10,2014,6448
BR-PA,Para,11,2014,7767
BR-PA,Para,12,2014,4828
BR-PB,Paraiba,1,2014,75
BR-PB,Paraiba,2,2014,6
BR-PB,Paraiba,3,2014,18
BR-PB,Paraiba,4,2014,8
BR-PB,Paraiba,5,2014,1
BR-PB,Paraiba,6,2014,1
BR-PB,Paraiba,7,2014,9
BR-PB,Paraiba,8,2014,30
BR-PB,Paraiba,9,2014,51
BR-PB,Paraiba,10,2014,70
BR-PB,Paraiba,11,2014,111
BR-PB,Paraiba,12,2014,62
BR-PR,Parana,1,2014,86
BR-PR,Parana,2,2014,52
BR-PR,Parana,3,2014,42
BR-PR,Parana,4,2014,38
BR-PR,Parana,5,2014,109
BR-PR,Parana,6,2014,112
BR-PR,Parana,7,2014,215
BR-PR,Parana,8,2014,646
BR-PR,Parana,9,2014,443
BR-PR,Parana,10,2014,411
BR-PR,Parana,11,2014,68
BR-PR,Parana,12,2014,78
BR-PE,Pernambuco,1,2014,99
BR-PE,Pernambuco,2,2014,25
BR-PE,Pernambuco,3,2014,36
BR-PE,Pernambuco,4,2014,10
BR-PE,Pernambuco,5,2014,4
BR-PE,Pernambuco,6,2014,3
BR-PE,Pernambuco,7,2014,11
BR-PE,Pernambuco,8,2014,23
BR-PE,Pernambuco,9,2014,63
BR-PE,Pernambuco,10,2014,174
BR-PE,Pernambuco,11,2014,111
BR-PE,Pernambuco,12,2014,101
BR-PI,Piaui,1,2014,79
BR-PI,Piaui,2,2014,14
BR-PI,Piaui,3,2014,88
BR-PI,Piaui,4,2014,63
BR-PI,Piaui,5,2014,138
BR-PI,Piaui,6,2014,373
BR-PI,Piaui,7,2014,1177
BR-PI,Piaui,8,2014,2265
BR-PI,Piaui,9,2014,2536
BR-PI,Piaui,10,2014,1788
BR-PI,Piaui,11,2014,717
BR-PI,Piaui,12,2014,346
BR-RJ,Rio de Janeiro,1,2014,35
BR-RJ,Rio de Janeiro,2,2014,116
BR-RJ,Rio de Janeiro,3,2014,38
BR-RJ,Rio de Janeiro,4,2014,25
BR-RJ,Rio de Janeiro,5,2014,20
BR-RJ,Rio de Janeiro,6,2014,54
BR-RJ,Rio de Janeiro,7,2014,62
BR-RJ,Rio de Janeiro,8,2014,199
BR-RJ,Rio de Janeiro,9,2014,318
BR-RJ,Rio de Janeiro,10,2014,500
BR-RJ,Rio de Janeiro,11,2014,36
BR-RJ,Rio de Janeiro,12,2014,25
BR-RN,Rio Grande do Norte,1,2014,34
BR-RN,Rio Grande do Norte,2,2014,8
BR-RN,Rio Grande do Norte,3,2014,6
BR-RN,Rio Grande do Norte,4,2014,2
BR-RN,Rio Grande do Norte,5,2014,2
BR-RN,Rio Grande do Norte,6,2014,2
BR-RN,Rio Grande do Norte,7,2014,2
BR-RN,Rio Grande do Norte,8,2014,21
BR-RN,Rio Grande do Norte,9,2014,30
BR-RN,Rio Grande do Norte,10,2014,75
BR-RN,Rio Grande do Norte,11,2014,124
BR-RN,Rio Grande do Norte,12,2014,47
BR-RS,Rio Grande do Sul,1,2014,53
BR-RS,Rio Grande do Sul,2,2014,37
BR-RS,Rio Grande do Sul,3,2014,58
BR-RS,Rio Grande do Sul,4,2014,60
BR-RS,Rio Grande do Sul,5,2014,63
BR-RS,Rio Grande do Sul,6,2014,62
BR-RS,Rio Grande do Sul,7,2014,209
BR-RS,Rio Grande do Sul,8,2014,1168
BR-RS,Rio Grande do Sul,9,2014,224
BR-RS,Rio Grande do Sul,10,2014,110
BR-RS,Rio Grande do Sul,11,2014,68
BR-RS,Rio Grande do Sul,12,2014,31
BR-RO,Rondonia,1,2014,12
BR-RO,Rondonia,2,2014,5
BR-RO,Rondonia,3,2014,13
BR-RO,Rondonia,4,2014,15
BR-RO,Rondonia,5,2014,28
BR-RO,Rondonia,6,2014,92
BR-RO,Rondonia,7,2014,192
BR-RO,Rondonia,8,2014,3038
BR-RO,Rondonia,9,2014,28
BR-RO,Rondonia,10,2014,1063
BR-RO,Rondonia,11,2014,202
BR-RO,Rondonia,12,2014,144
BR-RR,Roraima,1,2014,355
BR-RR,Roraima,2,2014,226
BR-RR,Roraima,3,2014,494
BR-RR,Roraima,4,2014,162
BR-RR,Roraima,5,2014,58
BR-RR,Roraima,6,2014,4
BR-RR,Roraima,7,2014,9
BR-RR,Roraima,8,2014,12
BR-RR,Roraima,9,2014,67
BR-RR,Roraima,10,2014,61
BR-RR,Roraima,11,2014,143
BR-RR,Roraima,12,2014,277
BR-SC,Santa Catarina,1,2014,58
BR-SC,Santa Catarina,2,2014,27
BR-SC,Santa Catarina,3,2014,15
BR-SC,Santa Catarina,4,2014,34
BR-SC,Santa Catarina,5,2014,42
BR-SC,Santa Catarina,6,2014,3
BR-SC,Santa Catarina,7,2014,82
BR-SC,Santa Catarina,8,2014,459
BR-SC,Santa Catarina,9,2014,208
BR-SC,Santa Catarina,10,2014,122
BR-SC,Santa Catarina,11,2014,43
BR-SC,Santa Catarina,12,2014,45
BR-SP,Sao Paulo,1,2014,99
BR-SP,Sao Paulo,2,2014,112
BR-SP,Sao Paulo,3,2014,75
BR-SP,Sao Paulo,4,2014,103
BR-SP,Sao Paulo,5,2014,181
BR-SP,Sao Paulo,6,2014,331
BR-SP,Sao Paulo,7,2014,476
BR-SP,Sao Paulo,8,2014,1458
BR-SP,Sao Paulo,9,2014,882
BR-SP,Sao Paulo,10,2014,887
BR-SP,Sao Paulo,11,2014,56
BR-SP,Sao Paulo,12,2014,57
BR-SE,Sergipe,1,2014,20
BR-SE,Sergipe,2,2014,18
BR-SE,Sergipe,3,2014,33
BR-SE,Sergipe,4,2014,7
BR-SE,Sergipe,5,2014,1
BR-SE,Sergipe,6,2014,0
BR-SE,Sergipe,7,2014,0
BR-SE,Sergipe,8,2014,0
BR-SE,Sergipe,9,2014,4
BR-SE,Sergipe,10,2014,3
BR-SE,Sergipe,11,2014,9
BR-SE,Sergipe,12,2014,9
BR-TO,Tocantins,1,2014,89
BR-TO,Tocantins,2,2014,73
BR-TO,Tocantins,3,2014,58
BR-TO,Tocantins,4,2014,187
BR-TO,Tocantins,5,2014,618
BR-TO,Tocantins,6,2014,1372
BR-TO,Tocantins,7,2014,1404
BR-TO,Tocantins,8,2014,2917
BR-TO,Tocantins,9,2014,352
BR-TO,Tocantins,10,2014,4
BR-TO,Tocantins,11,2014,451
BR-TO,Tocantins,12,2014,223
BR-AC,Acre,1,2015,1
BR-AC,Acre,2,2015,2
BR-AC,Acre,3,2015,2
BR-AC,Acre,4,2015,3
BR-AC,Acre,5,2015,2
BR-AC,Acre,6,2015,40
BR-AC,Acre,7,2015,109
BR-AC,Acre,8,2015,1397
BR-AC,Acre,9,2015,2928
BR-AC,Acre,10,2015,905
BR-AC,Acre,11,2015,115
BR-AC,Acre,12,2015,8
BR-AL,Alagoas,1,2015,81
BR-AL,Alagoas,2,2015,46
BR-AL,Alagoas,3,2015,32
BR-AL,Alagoas,4,2015,63
BR-AL,Alagoas,5,2015,18
BR-AL,Alagoas,6,2015,2
BR-AL,Alagoas,7,2015,0
BR-AL,Alagoas,8,2015,3
BR-AL,Alagoas,9,2015,7
BR-AL,Alagoas,10,2015,40
BR-AL,Alagoas,11,2015,162
BR-AL,Alagoas,12,2015,136
BR-AP,Amapa,1,2015,14
BR-AP,Amapa,2,2015,1
BR-AP,Amapa,3,2015,2
BR-AP,Amapa,4,2015,0
BR-AP,Amapa,5,2015,0
BR-AP,Amapa,6,2015,3
BR-AP,Amapa,7,2015,5
BR-AP,Amapa,8,2015,40
BR-AP,Amapa,9,2015,192
BR-AP,Amapa,10,2015,827
BR-AP,Amapa,11,2015,13
BR-AP,Amapa,12,2015,269
BR-AM,Amazonas,1,2015,35
BR-AM,Amazonas,2,2015,107
BR-AM,Amazonas,3,2015,46
BR-AM,Amazonas,4,2015,24
BR-AM,Amazonas,5,2015,10
BR-AM,Amazonas,6,2015,33
BR-AM,Amazonas,7,2015,356
BR-AM,Amazonas,8,2015,4564
BR-AM,Amazonas,9,2015,5882
BR-AM,Amazonas,10,2015,2494
BR-AM,Amazonas,11,2015,1054
BR-AM,Amazonas,12,2015,565
BR-BA,Bahia,1,2015,256
BR-BA,Bahia,2,2015,143
BR-BA,Bahia,3,2015,229
BR-BA,Bahia,4,2015,190
BR-BA,Bahia,5,2015,144
BR-BA,Bahia,6,2015,242
BR-BA,Bahia,7,2015,306
BR-BA,Bahia,8,2015,829
BR-BA,Bahia,9,2015,7956
BR-BA,Bahia,10,2015,4989
BR-BA,Bahia,11,2015,1705
BR-BA,Bahia,12,2015,1408
BR-CE,Ceara,1,2015,207
BR-CE,Ceara,2,2015,25
BR-CE,Ceara,3,2015,20
BR-CE,Ceara,4,2015,3
BR-CE,Ceara,5,2015,17
BR-CE,Ceara,6,2015,22
BR-CE,Ceara,7,2015,25
BR-CE,Ceara,8,2015,127
BR-CE,Ceara,9,2015,214
BR-CE,Ceara,10,2015,658
BR-CE,Ceara,11,2015,1081
BR-CE,Ceara,12,2015,1021
BR-DF,Distrito Federal,1,2015,1
BR-DF,Distrito Federal,2,2015,0
BR-DF,Distrito Federal,3,2015,0
BR-DF,Distrito Federal,4,2015,0
BR-DF,Distrito Federal,5,2015,2
BR-DF,Distrito Federal,6,2015,1
BR-DF,Distrito Federal,7,2015,15
BR-DF,Distrito Federal,8,2015,53
BR-DF,Distrito Federal,9,2015,76
BR-DF,Distrito Federal,10,2015,21
BR-DF,Distrito Federal,11,2015,3
BR-DF,Distrito Federal,12,2015,0
BR-ES,Espirito Santo,1,2015,76
BR-ES,Espirito Santo,2,2015,60
BR-ES,Espirito Santo,3,2015,25
BR-ES,Espirito Santo,4,2015,33
BR-ES,Espirito Santo,5,2015,17
BR-ES,Espirito Santo,6,2015,18
BR-ES,Espirito Santo,7,2015,30
BR-ES,Espirito Santo,8,2015,35
BR-ES,Espirito Santo,9,2015,228
BR-ES,Espirito Santo,10,2015,307
BR-ES,Espirito Santo,11,2015,141
BR-ES,Espirito Santo,12,2015,61
BR-GO,Goias,1,2015,118
BR-GO,Goias,2,2015,53
BR-GO,Goias,3,2015,76
BR-GO,Goias,4,2015,89
BR-GO,Goias,5,2015,129
BR-GO,Goias,6,2015,277
BR-GO,Goias,7,2015,347
BR-GO,Goias,8,2015,943
BR-GO,Goias,9,2015,2296
BR-GO,Goias,10,2015,1807
BR-GO,Goias,11,2015,547
BR-GO,Goias,12,2015,179
BR-MA,Maranhao,1,2015,494
BR-MA,Maranhao,2,2015,95
BR-MA,Maranhao,3,2015,53
BR-MA,Maranhao,4,2015,119
BR-MA,Maranhao,5,2015,194
BR-MA,Maranhao,6,2015,887
BR-MA,Maranhao,7,2015,1642
BR-MA,Maranhao,8,2015,5428
BR-MA,Maranhao,9,2015,6423
BR-MA,Maranhao,10,2015,6746
BR-MA,Maranhao,11,2015,435
BR-MA,Maranhao,12,2015,3706
BR-MT,Mato Grosso,1,2015,960
BR-MT,Mato Grosso,2,2015,542
BR-MT,Mato Grosso,3,2015,705
BR-MT,Mato Grosso,4,2015,947
BR-MT,Mato Grosso,5,2015,541
BR-MT,Mato Grosso,6,2015,1402
BR-MT,Mato Grosso,7,2015,1533
BR-MT,Mato Grosso,8,2015,5112
BR-MT,Mato Grosso,9,2015,11068
BR-MT,Mato Grosso,10,2015,649
BR-MT,Mato Grosso,11,2015,193
BR-MT,Mato Grosso,12,2015,1777
BR-MS,Mato Grosso do Sul,1,2015,226
BR-MS,Mato Grosso do Sul,2,2015,148
BR-MS,Mato Grosso do Sul,3,2015,190
BR-MS,Mato Grosso do Sul,4,2015,65
BR-MS,Mato Grosso do Sul,5,2015,58
BR-MS,Mato Grosso do Sul,6,2015,299
BR-MS,Mato Grosso do Sul,7,2015,371
BR-MS,Mato Grosso do Sul,8,2015,1293
BR-MS,Mato Grosso do Sul,9,2015,1482
BR-MS,Mato Grosso do Sul,10,2015,507
BR-MS,Mato Grosso do Sul,11,2015,276
BR-MS,Mato Grosso do Sul,12,2015,394
BR-MG,Minas Gerais,1,2015,147
BR-MG,Minas Gerais,2,2015,84
BR-MG,Minas Gerais,3,2015,80
BR-MG,Minas Gerais,4,2015,109
BR-MG,Minas Gerais,5,2015,114
BR-MG,Minas Gerais,6,2015,200
BR-MG,Minas Gerais,7,2015,288
BR-MG,Minas Gerais,8,2015,1059
BR-MG,Minas Gerais,9,2015,3088
BR-MG,Minas Gerais,10,2015,3708
BR-MG,Minas Gerais,11,2015,1453
BR-MG,Minas Gerais,12,2015,295
BR-PA,Para,1,2015,725
BR-PA,Para,2,2015,108
BR-PA,Para,3,2015,61
BR-PA,Para,4,2015,27
BR-PA,Para,5,2015,95
BR-PA,Para,6,2015,265
BR-PA,Para,7,2015,906
BR-PA,Para,8,2015,7913
BR-PA,Para,9,2015,11068
BR-PA,Para,10,2015,7781
BR-PA,Para,11,2015,9643
BR-PA,Para,12,2015,661
BR-PB,Paraiba,1,2015,42
BR-PB,Paraiba,2,2015,15
BR-PB,Paraiba,3,2015,7
BR-PB,Paraiba,4,2015,11
BR-PB,Paraiba,5,2015,6
BR-PB,Paraiba,6,2015,0
BR-PB,Paraiba,7,2015,3
BR-PB,Paraiba,8,2015,5
BR-PB,Paraiba,9,2015,48
BR-PB,Paraiba,10,2015,121
BR-PB,Paraiba,11,2015,206
BR-PB,Paraiba,12,2015,122
BR-PR,Parana,1,2015,120
BR-PR,Parana,2,2015,58
BR-PR,Parana,3,2015,55
BR-PR,Parana,4,2015,83
BR-PR,Parana,5,2015,77
BR-PR,Parana,6,2015,201
BR-PR,Parana,7,2015,137
BR-PR,Parana,8,2015,651
BR-PR,Parana,9,2015,599
BR-PR,Parana,10,2015,158
BR-PR,Parana,11,2015,18
BR-PR,Parana,12,2015,30
BR-PE,Pernambuco,1,2015,109
BR-PE,Pernambuco,2,2015,55
BR-PE,Pernambuco,3,2015,33
BR-PE,Pernambuco,4,2015,30
BR-PE,Pernambuco,5,2015,17
BR-PE,Pernambuco,6,2015,3
BR-PE,Pernambuco,7,2015,13
BR-PE,Pernambuco,8,2015,21
BR-PE,Pernambuco,9,2015,116
BR-PE,Pernambuco,10,2015,194
BR-PE,Pernambuco,11,2015,315
BR-PE,Pernambuco,12,2015,176
BR-PI,Piaui,1,2015,92
BR-PI,Piaui,2,2015,38
BR-PI,Piaui,3,2015,35
BR-PI,Piaui,4,2015,50
BR-PI,Piaui,5,2015,66
BR-PI,Piaui,6,2015,283
BR-PI,Piaui,7,2015,690
BR-PI,Piaui,8,2015,2057
BR-PI,Piaui,9,2015,5828
BR-PI,Piaui,10,2015,4068
BR-PI,Piaui,11,2015,897
BR-PI,Piaui,12,2015,626
BR-RJ,Rio de Janeiro,1,2015,97
BR-RJ,Rio de Janeiro,2,2015,36
BR-RJ,Rio de Janeiro,3,2015,23
BR-RJ,Rio de Janeiro,4,2015,24
BR-RJ,Rio de Janeiro,5,2015,21
BR-RJ,Rio de Janeiro,6,2015,33
BR-RJ,Rio de Janeiro,7,2015,74
BR-RJ,Rio de Janeiro,8,2015,158
BR-RJ,Rio de Janeiro,9,2015,85
BR-RJ,Rio de Janeiro,10,2015,96
BR-RJ,Rio de Janeiro,11,2015,6
BR-RJ,Rio de Janeiro,12,2015,11
BR-RN,Rio Grande do Norte,1,2015,45
BR-RN,Rio Grande do Norte,2,2015,15
BR-RN,Rio Grande do Norte,3,2015,3
BR-RN,Rio Grande do Norte,4,2015,4
BR-RN,Rio Grande do Norte,5,2015,4
BR-RN,Rio Grande do Norte,6,2015,5
BR-RN,Rio Grande do Norte,7,2015,3
BR-RN,Rio Grande do Norte,8,2015,16
BR-RN,Rio Grande do Norte,9,2015,36
BR-RN,Rio Grande do Norte,10,2015,129
BR-RN,Rio Grande do Norte,11,2015,105
BR-RN,Rio Grande do Norte,12,2015,74
BR-RS,Rio Grande do Sul,1,2015,51
BR-RS,Rio Grande do Sul,2,2015,41
BR-RS,Rio Grande do Sul,3,2015,108
BR-RS,Rio Grande do Sul,4,2015,175
BR-RS,Rio Grande do Sul,5,2015,169
BR-RS,Rio Grande do Sul,6,2015,68
BR-RS,Rio Grande do Sul,7,2015,60
BR-RS,Rio Grande do Sul,8,2015,414
BR-RS,Rio Grande do Sul,9,2015,222
BR-RS,Rio Grande do Sul,10,2015,70
BR-RS,Rio Grande do Sul,11,2015,30
BR-RS,Rio Grande do Sul,12,2015,42
BR-RO,Rondonia,1,2015,30
BR-RO,Rondonia,2,2015,22
BR-RO,Rondonia,3,2015,15
BR-RO,Rondonia,4,2015,15
BR-RO,Rondonia,5,2015,13
BR-RO,Rondonia,6,2015,119
BR-RO,Rondonia,7,2015,423
BR-RO,Rondonia,8,2015,3762
BR-RO,Rondonia,9,2015,6129
BR-RO,Rondonia,10,2015,2598
BR-RO,Rondonia,11,2015,1002
BR-RO,Rondonia,12,2015,282
BR-RR,Roraima,1,2015,330
BR-RR,Roraima,2,2015,418
BR-RR,Roraima,3,2015,163
BR-RR,Roraima,4,2015,278
BR-RR,Roraima,5,2015,12
BR-RR,Roraima,6,2015,3
BR-RR,Roraima,7,2015,5
BR-RR,Roraima,8,2015,11
BR-RR,Roraima,9,2015,77
BR-RR,Roraima,10,2015,181
BR-RR,Roraima,11,2015,280
BR-RR,Roraima,12,2015,304
BR-SC,Santa Catarina,1,2015,28
BR-SC,Santa Catarina,2,2015,23
BR-SC,Santa Catarina,3,2015,37
BR-SC,Santa Catarina,4,2015,32
BR-SC,Santa Catarina,5,2015,70
BR-SC,Santa Catarina,6,2015,104
BR-SC,Santa Catarina,7,2015,45
BR-SC,Santa Catarina,8,2015,379
BR-SC,Santa Catarina,9,2015,156
BR-SC,Santa Catarina,10,2015,21
BR-SC,Santa Catarina,11,2015,9
BR-SC,Santa Catarina,12,2015,19
BR-SP,Sao Paulo,1,2015,120
BR-SP,Sao Paulo,2,2015,69
BR-SP,Sao Paulo,3,2015,68
BR-SP,Sao Paulo,4,2015,76
BR-SP,Sao Paulo,5,2015,65
BR-SP,Sao Paulo,6,2015,147
BR-SP,Sao Paulo,7,2015,149
BR-SP,Sao Paulo,8,2015,643
BR-SP,Sao Paulo,9,2015,368
BR-SP,Sao Paulo,10,2015,213
BR-SP,Sao Paulo,11,2015,21
BR-SP,Sao Paulo,12,2015,45
BR-SE,Sergipe,1,2015,44
BR-SE,Sergipe,2,2015,40
BR-SE,Sergipe,3,2015,49
BR-SE,Sergipe,4,2015,35
BR-SE,Sergipe,5,2015,11
BR-SE,Sergipe,6,2015,3
BR-SE,Sergipe,7,2015,0
BR-SE,Sergipe,8,2015,0
BR-SE,Sergipe,9,2015,1
BR-SE,Sergipe,10,2015,6
BR-SE,Sergipe,11,2015,47
BR-SE,Sergipe,12,2015,63
BR-TO,Tocantins,1,2015,186
BR-TO,Tocantins,2,2015,65
BR-TO,Tocantins,3,2015,85
BR-TO,Tocantins,4,2015,88
BR-TO,Tocantins,5,2015,512
BR-TO,Tocantins,6,2015,115
BR-TO,Tocantins,7,2015,1217
BR-TO,Tocantins,8,2015,254
BR-TO,Tocantins,9,2015,551
BR-TO,Tocantins,10,2015,4844
BR-TO,Tocantins,11,2015,833
BR-TO,Tocantins,12,2015,373
BR-AC,Acre,1,2016,12
BR-AC,Acre,2,2016,5
BR-AC,Acre,3,2016,0
BR-AC,Acre,4,2016,0
BR-AC,Acre,5,2016,21
BR-AC,Acre,6,2016,87
BR-AC,Acre,7,2016,533
BR-AC,Acre,8,2016,2188
BR-AC,Acre,9,2016,3586
BR-AC,Acre,10,2016,509
BR-AC,Acre,11,2016,46
BR-AC,Acre,12,2016,6
BR-AL,Alagoas,1,2016,24
BR-AL,Alagoas,2,2016,14
BR-AL,Alagoas,3,2016,9
BR-AL,Alagoas,4,2016,13
BR-AL,Alagoas,5,2016,4
BR-AL,Alagoas,6,2016,5
BR-AL,Alagoas,7,2016,3
BR-AL,Alagoas,8,2016,5
BR-AL,Alagoas,9,2016,18
BR-AL,Alagoas,10,2016,74
BR-AL,Alagoas,11,2016,76
BR-AL,Alagoas,12,2016,155
BR-AP,Amapa,1,2016,19
BR-AP,Amapa,2,2016,1
BR-AP,Amapa,3,2016,5
BR-AP,Amapa,4,2016,0
BR-AP,Amapa,5,2016,1
BR-AP,Amapa,6,2016,2
BR-AP,Amapa,7,2016,1
BR-AP,Amapa,8,2016,37
BR-AP,Amapa,9,2016,142
BR-AP,Amapa,10,2016,793
BR-AP,Amapa,11,2016,1161
BR-AP,Amapa,12,2016,491
BR-AM,Amazonas,1,2016,770
BR-AM,Amazonas,2,2016,275
BR-AM,Amazonas,3,2016,140
BR-AM,Amazonas,4,2016,22
BR-AM,Amazonas,5,2016,30
BR-AM,Amazonas,6,2016,90
BR-AM,Amazonas,7,2016,1137
BR-AM,Amazonas,8,2016,3611
BR-AM,Amazonas,9,2016,3119
BR-AM,Amazonas,10,2016,2105
BR-AM,Amazonas,11,2016,591
BR-AM,Amazonas,12,2016,133
BR-BA,Bahia,1,2016,285
BR-BA,Bahia,2,2016,418
BR-BA,Bahia,3,2016,281
BR-BA,Bahia,4,2016,217
BR-BA,Bahia,5,2016,259
BR-BA,Bahia,6,2016,416
BR-BA,Bahia,7,2016,345
BR-BA,Bahia,8,2016,724
BR-BA,Bahia,9,2016,1819
BR-BA,Bahia,10,2016,1415
BR-BA,Bahia,11,2016,408
BR-BA,Bahia,12,2016,164
BR-CE,Ceara,1,2016,100
BR-CE,Ceara,2,2016,13
BR-CE,Ceara,3,2016,4
BR-CE,Ceara,4,2016,10
BR-CE,Ceara,5,2016,8
BR-CE,Ceara,6,2016,45
BR-CE,Ceara,7,2016,124
BR-CE,Ceara,8,2016,293
BR-CE,Ceara,9,2016,370
BR-CE,Ceara,10,2016,131
BR-CE,Ceara,11,2016,1328
BR-CE,Ceara,12,2016,819
BR-DF,Distrito Federal,1,2016,1
BR-DF,Distrito Federal,2,2016,2
BR-DF,Distrito Federal,3,2016,1
BR-DF,Distrito Federal,4,2016,5
BR-DF,Distrito Federal,5,2016,15
BR-DF,Distrito Federal,6,2016,42
BR-DF,Distrito Federal,7,2016,79
BR-DF,Distrito Federal,8,2016,29
BR-DF,Distrito Federal,9,2016,58
BR-DF,Distrito Federal,10,2016,9
BR-DF,Distrito Federal,11,2016,1
BR-DF,Distrito Federal,12,2016,0
BR-ES,Espirito Santo,1,2016,43
BR-ES,Espirito Santo,2,2016,24
BR-ES,Espirito Santo,3,2016,107
BR-ES,Espirito Santo,4,2016,57
BR-ES,Espirito Santo,5,2016,48
BR-ES,Espirito Santo,6,2016,49
BR-ES,Espirito Santo,7,2016,42
BR-ES,Espirito Santo,8,2016,78
BR-ES,Espirito Santo,9,2016,128
BR-ES,Espirito Santo,10,2016,58
BR-ES,Espirito Santo,11,2016,8
BR-ES,Espirito Santo,12,2016,12
BR-GO,Goias,1,2016,52
BR-GO,Goias,2,2016,117
BR-GO,Goias,3,2016,136
BR-GO,Goias,4,2016,167
BR-GO,Goias,5,2016,233
BR-GO,Goias,6,2016,289
BR-GO,Goias,7,2016,837
BR-GO,Goias,8,2016,1032
BR-GO,Goias,9,2016,1703
BR-GO,Goias,10,2016,522
BR-GO,Goias,11,2016,123
BR-GO,Goias,12,2016,64
BR-MA,Maranhao,1,2016,412
BR-MA,Maranhao,2,2016,318
BR-MA,Maranhao,3,2016,113
BR-MA,Maranhao,4,2016,113
BR-MA,Maranhao,5,2016,206
BR-MA,Maranhao,6,2016,709
BR-MA,Maranhao,7,2016,2096
BR-MA,Maranhao,8,2016,3723
BR-MA,Maranhao,9,2016,3166
BR-MA,Maranhao,10,2016,5351
BR-MA,Maranhao,11,2016,3982
BR-MA,Maranhao,12,2016,1577
BR-MT,Mato Grosso,1,2016,374
BR-MT,Mato Grosso,2,2016,105
BR-MT,Mato Grosso,3,2016,1085
BR-MT,Mato Grosso,4,2016,177
BR-MT,Mato Grosso,5,2016,1081
BR-MT,Mato Grosso,6,2016,1417
BR-MT,Mato Grosso,7,2016,3495
BR-MT,Mato Grosso,8,2016,6228
BR-MT,Mato Grosso,9,2016,898
BR-MT,Mato Grosso,10,2016,2749
BR-MT,Mato Grosso,11,2016,918
BR-MT,Mato Grosso,12,2016,425
BR-MS,Mato Grosso do Sul,1,2016,127
BR-MS,Mato Grosso do Sul,2,2016,187
BR-MS,Mato Grosso do Sul,3,2016,143
BR-MS,Mato Grosso do Sul,4,2016,161
BR-MS,Mato Grosso do Sul,5,2016,97
BR-MS,Mato Grosso do Sul,6,2016,120
BR-MS,Mato Grosso do Sul,7,2016,687
BR-MS,Mato Grosso do Sul,8,2016,1481
BR-MS,Mato Grosso do Sul,9,2016,2383
BR-MS,Mato Grosso do Sul,10,2016,12
BR-MS,Mato Grosso do Sul,11,2016,258
BR-MS,Mato Grosso do Sul,12,2016,123
BR-MG,Minas Gerais,1,2016,61
BR-MG,Minas Gerais,2,2016,207
BR-MG,Minas Gerais,3,2016,123
BR-MG,Minas Gerais,4,2016,172
BR-MG,Minas Gerais,5,2016,186
BR-MG,Minas Gerais,6,2016,263
BR-MG,Minas Gerais,7,2016,1004
BR-MG,Minas Gerais,8,2016,1433
BR-MG,Minas Gerais,9,2016,2093
BR-MG,Minas Gerais,10,2016,948
BR-MG,Minas Gerais,11,2016,126
BR-MG,Minas Gerais,12,2016,91
BR-PA,Para,1,2016,1322
BR-PA,Para,2,2016,430
BR-PA,Para,3,2016,81
BR-PA,Para,4,2016,66
BR-PA,Para,5,2016,154
BR-PA,Para,6,2016,502
BR-PA,Para,7,2016,1579
BR-PA,Para,8,2016,4863
BR-PA,Para,9,2016,3953
BR-PA,Para,10,2016,5281
BR-PA,Para,11,2016,7879
BR-PA,Para,12,2016,33
BR-PB,Paraiba,1,2016,18
BR-PB,Paraiba,2,2016,4
BR-PB,Paraiba,3,2016,1
BR-PB,Paraiba,4,2016,1
BR-PB,Paraiba,5,2016,1
BR-PB,Paraiba,6,2016,4
BR-PB,Paraiba,7,2016,22
BR-PB,Paraiba,8,2016,50
BR-PB,Paraiba,9,2016,131
BR-PB,Paraiba,10,2016,304
BR-PB,Paraiba,11,2016,132
BR-PB,Paraiba,12,2016,8
BR-PR,Parana,1,2016,113
BR-PR,Parana,2,2016,31
BR-PR,Parana,3,2016,63
BR-PR,Parana,4,2016,167
BR-PR,Parana,5,2016,72
BR-PR,Parana,6,2016,238
BR-PR,Parana,7,2016,504
BR-PR,Parana,8,2016,101
BR-PR,Parana,9,2016,1371
BR-PR,Parana,10,2016,193
BR-PR,Parana,11,2016,275
BR-PR,Parana,12,2016,45
BR-PE,Pernambuco,1,2016,24
BR-PE,Pernambuco,2,2016,19
BR-PE,Pernambuco,3,2016,4
BR-PE,Pernambuco,4,2016,8
BR-PE,Pernambuco,5,2016,6
BR-PE,Pernambuco,6,2016,4
BR-PE,Pernambuco,7,2016,17
BR-PE,Pernambuco,8,2016,42
BR-PE,Pernambuco,9,2016,171
BR-PE,Pernambuco,10,2016,319
BR-PE,Pernambuco,11,2016,191
BR-PE,Pernambuco,12,2016,161
BR-PI,Piaui,1,2016,94
BR-PI,Piaui,2,2016,97
BR-PI,Piaui,3,2016,53
BR-PI,Piaui,4,2016,35
BR-PI,Piaui,5,2016,60
BR-PI,Piaui,6,2016,153
BR-PI,Piaui,7,2016,754
BR-PI,Piaui,8,2016,1647
BR-PI,Piaui,9,2016,1394
BR-PI,Piaui,10,2016,2598
BR-PI,Piaui,11,2016,1126
BR-PI,Piaui,12,2016,374
BR-RJ,Rio de Janeiro,1,2016,9
BR-RJ,Rio de Janeiro,2,2016,16
BR-RJ,Rio de Janeiro,3,2016,16
BR-RJ,Rio de Janeiro,4,2016,45
BR-RJ,Rio de Janeiro,5,2016,30
BR-RJ,Rio de Janeiro,6,2016,37
BR-RJ,Rio de Janeiro,7,2016,131
BR-RJ,Rio de Janeiro,8,2016,241
BR-RJ,Rio de Janeiro,9,2016,195
BR-RJ,Rio de Janeiro,10,2016,30
BR-RJ,Rio de Janeiro,11,2016,19
BR-RJ,Rio de Janeiro,12,2016,5
BR-RN,Rio Grande do Norte,1,2016,15
BR-RN,Rio Grande do Norte,2,2016,2
BR-RN,Rio Grande do Norte,3,2016,1
BR-RN,Rio Grande do Norte,4,2016,0
BR-RN,Rio Grande do Norte,5,2016,1
BR-RN,Rio Grande do Norte,6,2016,4
BR-RN,Rio Grande do Norte,7,2016,13
BR-RN,Rio Grande do Norte,8,2016,24
BR-RN,Rio Grande do Norte,9,2016,44
BR-RN,Rio Grande do Norte,10,2016,129
BR-RN,Rio Grande do Norte,11,2016,93
BR-RN,Rio Grande do Norte,12,2016,75
BR-RS,Rio Grande do Sul,1,2016,68
BR-RS,Rio Grande do Sul,2,2016,55
BR-RS,Rio Grande do Sul,3,2016,30
BR-RS,Rio Grande do Sul,4,2016,32
BR-RS,Rio Grande do Sul,5,2016,37
BR-RS,Rio Grande do Sul,6,2016,261
BR-RS,Rio Grande do Sul,7,2016,865
BR-RS,Rio Grande do Sul,8,2016,1111
BR-RS,Rio Grande do Sul,9,2016,628
BR-RS,Rio Grande do Sul,10,2016,93
BR-RS,Rio Grande do Sul,11,2016,105
BR-RS,Rio Grande do Sul,12,2016,79
BR-RO,Rondonia,1,2016,93
BR-RO,Rondonia,2,2016,88
BR-RO,Rondonia,3,2016,25
BR-RO,Rondonia,4,2016,59
BR-RO,Rondonia,5,2016,44
BR-RO,Rondonia,6,2016,170
BR-RO,Rondonia,7,2016,969
BR-RO,Rondonia,8,2016,3675
BR-RO,Rondonia,9,2016,4208
BR-RO,Rondonia,10,2016,1844
BR-RO,Rondonia,11,2016,401
BR-RO,Rondonia,12,2016,148
BR-RR,Roraima,1,2016,1754
BR-RR,Roraima,2,2016,171
BR-RR,Roraima,3,2016,1081
BR-RR,Roraima,4,2016,126
BR-RR,Roraima,5,2016,22
BR-RR,Roraima,6,2016,7
BR-RR,Roraima,7,2016,0
BR-RR,Roraima,8,2016,11
BR-RR,Roraima,9,2016,19
BR-RR,Roraima,10,2016,101
BR-RR,Roraima,11,2016,71
BR-RR,Roraima,12,2016,136
BR-SC,Santa Catarina,1,2016,53
BR-SC,Santa Catarina,2,2016,10
BR-SC,Santa Catarina,3,2016,21
BR-SC,Santa Catarina,4,2016,36
BR-SC,Santa Catarina,5,2016,26
BR-SC,Santa Catarina,6,2016,79
BR-SC,Santa Catarina,7,2016,480
BR-SC,Santa Catarina,8,2016,765
BR-SC,Santa Catarina,9,2016,644
BR-SC,Santa Catarina,10,2016,56
BR-SC,Santa Catarina,11,2016,156
BR-SC,Santa Catarina,12,2016,20
BR-SP,Sao Paulo,1,2016,85
BR-SP,Sao Paulo,2,2016,188
BR-SP,Sao Paulo,3,2016,82
BR-SP,Sao Paulo,4,2016,307
BR-SP,Sao Paulo,5,2016,139
BR-SP,Sao Paulo,6,2016,197
BR-SP,Sao Paulo,7,2016,687
BR-SP,Sao Paulo,8,2016,797
BR-SP,Sao Paulo,9,2016,490
BR-SP,Sao Paulo,10,2016,177
BR-SP,Sao Paulo,11,2016,39
BR-SP,Sao Paulo,12,2016,47
BR-SE,Sergipe,1,2016,9
BR-SE,Sergipe,2,2016,22
BR-SE,Sergipe,3,2016,26
BR-SE,Sergipe,4,2016,14
BR-SE,Sergipe,5,2016,9
BR-SE,Sergipe,6,2016,1
BR-SE,Sergipe,7,2016,0
BR-SE,Sergipe,8,2016,6
BR-SE,Sergipe,9,2016,2
BR-SE,Sergipe,10,2016,10
BR-SE,Sergipe,11,2016,17
BR-SE,Sergipe,12,2016,36
BR-TO,Tocantins,1,2016,42
BR-TO,Tocantins,2,2016,383
BR-TO,Tocantins,3,2016,165
BR-TO,Tocantins,4,2016,369
BR-TO,Tocantins,5,2016,778
BR-TO,Tocantins,6,2016,1148
BR-TO,Tocantins,7,2016,2737
BR-TO,Tocantins,8,2016,3213
BR-TO,Tocantins,9,2016,3245
BR-TO,Tocantins,10,2016,2032
BR-TO,Tocantins,11,2016,623
BR-TO,Tocantins,12,2016,119
